Ligand SMILES,Ligand InChI Key,Sequence,Ki (nM),IC50 (nM),Kd (nM),EC50 (nM),unit
,FDRSMDXOIMNVLE-UHFFFAOYSA-O,MAAQLEQFLVNEGQVDQRAVTYMLKGLQLESLSDFASFWTSKDYENGVRDDIISKVAPFNSDLSLPAAKLQVARLRAAWRKAQGKPSAAVPLQSAKPVAGSVVTATKDTGFCEKTGLESGGVAHGGALNAAQVAHLDEDAFKGGLHRPKFDSEGLHKPHTSGGKTYETGFHYLLEAHELGGKNADGGFGGPLCADPFSPEIEQLCQALVREAQDDKTLCFENFTKPCPQLTKKQVELCKGFDYGDKTLKLPCGPLPWPAGLPEPGYVPKTNPLHGRWITVSGGQAAFIKEAIKAGMLGAAESHKIMADTDHHQTGGMYLRINQNGDVCTVDASVAKFARAKRTWKSGHYFYEPLVSGGNLLGVWVLPEEYRKIGFFWEMESGRCFRIERRAFERNGLMIMRQATEVAGKISFVFYVKVSNDPESKPIPLQSRDYTALAGLDNVPDSLGNPYTCEAKDLDYPIKRDTWLDKNQEEMLKQRSIVGTAFAKCCDQGFEAHDNPKGGALTAAHVESLGKENFKNGLHAPNFHDDGLHKPMEAGGKVYSTGFHYLLEAHDLGGKNEDGGYGGPLCKDPYGKEVQSMVENLLVQANVDTTNAFDNFKQPCPQLTKEQVAMCKGFDYGDKTLKLPCGPLPWPAGLPEPGYVPKTNPLHGRWITVSGGQVAFIKEAIKSGMLGAAEAKKIIADTDHHQTGGMYLRINQYGEVCTVDASVAKFARAKRTWKSGHYFYEPLVSGGNLLGVWVLPEEYRKIGFFWEMESGHCFRIERRAFPCGPYMFLRQATEVGGKISYVFYVKVSNDPGSKPIPLQSRDYTALAGQDNAPDNLGKPYKCTARDLDAPTKRDGWLDTNKGAMLDQREKVSKAFAKVCEKGFEAGDNKLGGALNAKHVEKYGDNFKNGMHKPEFHEDGLHKPMEVGGKKFESGFHYLLECHELGGKNASGGYGGPLCEDPYGSEVQAMTEKLLKEADSDRTLCFNNFQDPCPQLTKEQVAMCKGFDYGDKTLKLPCGPLPWPAGLPEPGYVPKTNPLHGRWITVSGGQAAFIKEAIKSGMLGAAEANKIVADTDHHQTGGMYLRINQFGDVCTVDASVAKFARAKRTWKSGHYFYEPLVSGGNLLGVWVLPEEYRKIGFFWEMESGRCFRIERRAFPVGPYTFMRQATEVGGKISFVFYVKVSNDPESDPIPLQSRDYTALAGRDNAPTNLGKPYPTLAKDLDYPKKRDGWLEKNEKEMLRQRNIVSSTFRS,,,,1,μM
,FDRSMDXOIMNVLE-UHFFFAOYSA-O,MEDLLVEVRLDNGAYYKGQVTAVADDGIFVDVDGVPESMKYPFVNVRLPPEETVEVAAPIFEEGMEVEVFTRTNDRETCGWWVGIIKMRKAEIYAVAYIGFETSYTEICELGRLRAKNSNPPITAKTFYQFTLPVPEELREEAQKDGIHKEFQRTIDAGVCNYSRDLDALIVISKFEHTQKRASMLKDMHFRNLSQKVMLLKRTEEAARQLETTKLMSRGNYVEEFRVRDDLMGLAIGSHGSNIQAARTVDGVTNIELEEKSCTFKISGETEESVQRARAMLEYAEEFFQVPRELVGKVIGKNGRIIQEIVDKSGVFRIKVSAIAGDDEQDQNIPRELAHVPFVFIGTVESIANAKVLLEYHLSHLKEVEQLRQEKMEIDQQLRAIQESSMGSTQSFPVTRRSERGYSSDIESVRSMRGGGGGQRGRVRGRGGGGPGGGNGLNQRYHNNRRDEDDYNSRGDHQRDQQRGYNDRGGGDNTGSYRGGGGGAGGPGNNRRGGINRRPPRNDQQNGRDYQHHNHTTEEVRETREMSSVERADSNSSYEGSSRRRRRQKNNNGPSNTNGAVANNNNKPQSAQQPQQQQPPAPGNKAALNAGDASKQNSGNANAAGGASKPKDASRNGDKQQAGTQQQQPSQVQQQQAAQQQQPKPRRNKNRSNNHTDQPSGQQQLAENVKKEGLVNGTS,,,,1,μM
,FRPJSHKMZHWJBE-UHFFFAOYSA-N,MASSPLLATSLPQNQLSTTATARFRLPPPEKLAVLIDKSQSVDEVLQIHAAILRHNLLLHPRYPVLNLKLHRAYASHGKIRHSLALFHQTIDPDLFLFTAAINTASINGLKDQAFLLYVQLLSSEINPNEFTFSSLLKSCSTKSGKLIHTHVLKFGLGIDPYVATGLVDVYAKGGDVVSAQKVFDRMPERSLVSSTAMITCYAKQGNVEAARALFDSMCERDIVSWNVMIDGYAQHGFPNDALMLFQKLLAEGKPKPDEITVVAALSACSQIGALETGRWIHVFVKSSRIRLNVKVCTGLIDMYSKCGSLEEAVLVFNDTPRKDIVAWNAMIAGYAMHGYSQDALRLFNEMQGITGLQPTDITFIGTLQACAHAGLVNEGIRIFESMGQEYGIKPKIEHYGCLVSLLGRAGQLKRAYETIKNMNMDADSVLWSSVLGSCKLHGDFVLGKEIAEYLIGLNIKNSGIYVLLSNIYASVGDYEGVAKVRNLMKEKGIVKEPGISTIEIENKVHEFRAGDREHSKSKEIYTMLRKISERIKSHGYVPNTNTVLQDLEETEKEQSLQVHSERLAIAYGLISTKPGSPLKIFKNLRVCSDCHTVTKLISKITGRKIVMRDRNRFHHFTDGSCSCGDFW,0.85,,,,mM
,FRPJSHKMZHWJBE-UHFFFAOYSA-N,MEQPQEEAPEVREEEEKEEVAEAEGAPELNGGPQHALPSSSYTDLSRSSSPPSLLDQLQMGCDGASCGSLNMECRVCGDKASGFHYGVHACEGCKGFFRRTIRMKLEYEKCERSCKIQKKNRNKCQYCRFQKCLALGMSHNAIRFGRMPEAEKRKLVAGLTANEGSQYNPQVADLKAFSKHIYNAYLKNFNMTKKKARSILTGKASHTAPFVIHDIETLWQAEKGLVWKQLVNGLPPYKEISVHVFYRCQCTTVETVRELTEFAKSIPSFSSLFLNDQVTLLKYGVHEAIFAMLASIVNKDGLLVANGSGFVTREFLRSLRKPFSDIIEPKFEFAVKFNALELDDSDLALFIAAIILCGDRPGLMNVPRVEAIQDTILRALEFHLQANHPDAQYLFPKLLQKMADLRQLVTEHAQMMQRIKKTETETSLHPLLQEIYKDMY,1.8,,,,mM
,XIUNPAFIOWRAIO-HZJYTTRNSA-N,MPDIIWVFPPQAEAEEDCHSDTVRADDDEENESPAETDLQAQLQMFRAQWMFELAPGVSSSNLENRPCRAARGSLQKTSADTKGKQEQAKEEKARELFLKAVEEEQNGALYEAIKFYRRAMQLVPDIEFKITYTRSPDGDGVGNSYIEDNDDDSKMADLLSYFQQQLTFQESVLKLCQPELESSQIHISVLPMEVLMYIFRWVVSSDLDLRSLEQLSLVCRGFYICARDPEIWRLACLKVWGRSCIKLVPYTSWREMFLERPRVRFDGVYISKTTYIRQGEQSLDGFYRAWHQVEYYRYIRFFPDGHVMMLTTPEEPQSIVPRLRTRNTRTDAILLGHYRLSQDTDNQTKVFAVITKKKEEKPLDYKYRYFRRVPVQEADQSFHVGLQLCSSGHQRFNKLIWIHHSCHITYKSTGETAVSAFEIDKMYTPLFFARVRSYTAFSERPL,>100,,,,nM
,ZOXJGFHDIHLPTG-UHFFFAOYSA-N,MNAAAEAEFNILLATDSYKVTHYKQYPPNTSKVYSYFECREKKTENSKVRKVKYEETVFYGLQYILNKYLKGKVVTKEKIQEAKEVYREHFQDDVFNERGWNYILEKYDGHLPIEVKAVPEGSVIPRGNVLFTVENTDPECYWLTNWIETILVQSWYPITVATNSREQKKILAKYLLETSGNLDGLEYKLHDFGYRGVSSQETAGIGASAHLVNFKGTDTVAGIALIKKYYGTKDPVPGYSVPAAEHSTITAWGKDHEKDAFEHIVTQFSSVPVSVVSDSYDIYNACEKIWGEDLRHLIVSRSTEAPLIIRPDSGNPLDTVLKVLDILGKKFPVTENSKGYKLLPPYLRVIQGDGVDINTLQEIVEGMKQKKWSIENVSFGSGGALLQKLTRDLLNCSFKCSYVVTNGLGVNVFKDPVADPNKRSKKGRLSLHRTPAGNFVTLEEGKGDLEEYGHDLLHTVFKNGKVTKSYSFDEVRKNAQLNIEQDVAPH,,0.051-0.1,,,uM
,OKTJSMMVPCPJKN-UHFFFAOYSA-N,MNAAAEAEFNILLATDSYKVTHYKQYPPNTSKVYSYFECREKKTENSKVRKVKYEETVFYGLQYILNKYLKGKVVTKEKIQEAKEVYREHFQDDVFNERGWNYILEKYDGHLPIEVKAVPEGSVIPRGNVLFTVENTDPECYWLTNWIETILVQSWYPITVATNSREQKKILAKYLLETSGNLDGLEYKLHDFGYRGVSSQETAGIGASAHLVNFKGTDTVAGIALIKKYYGTKDPVPGYSVPAAEHSTITAWGKDHEKDAFEHIVTQFSSVPVSVVSDSYDIYNACEKIWGEDLRHLIVSRSTEAPLIIRPDSGNPLDTVLKVLDILGKKFPVTENSKGYKLLPPYLRVIQGDGVDINTLQEIVEGMKQKKWSIENVSFGSGGALLQKLTRDLLNCSFKCSYVVTNGLGVNVFKDPVADPNKRSKKGRLSLHRTPAGNFVTLEEGKGDLEEYGHDLLHTVFKNGKVTKSYSFDEVRKNAQLNIEQDVAPH,,0.11-1,,,uM
,ZADWXFSZEAPBJS-UHFFFAOYSA-N,MKMSGFSIEEKVHEFESKGFLEISNEIFLQEEENHSLLTQAQLDYYNLEDDAYGECRARSYSRYIKYVDSPDYILDNSNDYFQSKEYNYDDGGKVRQFNSINDSFLCNPLIQNIVRFDTEFAFKTNIIDKSKDLIIGLHQVRYKATKERPSFSSPIWLHKDDEPVVFLHLMNLSNTAIGGDNLIANSPREINQFISLKEPLETLVFGQKVFHAVTPLGTECSTEAFRDILLVTFSYKETK,,<500,,,μM
,MJVAVZPDRWSRRC-UHFFFAOYSA-N,MKMSGFSIEEKVHEFESKGFLEISNEIFLQEEENHSLLTQAQLDYYNLEDDAYGECRARSYSRYIKYVDSPDYILDNSNDYFQSKEYNYDDGGKVRQFNSINDSFLCNPLIQNIVRFDTEFAFKTNIIDKSKDLIIGLHQVRYKATKERPSFSSPIWLHKDDEPVVFLHLMNLSNTAIGGDNLIANSPREINQFISLKEPLETLVFGQKVFHAVTPLGTECSTEAFRDILLVTFSYKETK,,<500,,,μM
,YUAALFPUEOYPNX-UHFFFAOYSA-N,MFRQEQPLAEGSFAPMGSLQPDAGNSSWNGTEAPGGGTRATPYSLQVTLTLVCLAGLLMLFTVFGNVLVIIAVFTSRALKAPQNLFLVSLASADILVATLVIPFSLANEVMGYWYFGKVWCEIYLALDVLFCTSSIVHLCAISLDRYWSITQAIEYNLKRTPRRIKAIIVTVWVISAVISFPPLISIEKKGAGGGQQPAEPSCKINDQKWYVISSSIGSFFAPCLIMILVYVRIYQIAKRRTRVPPSRRGPDACSAPPGGADRRPNGLGPERGAGPTGAEAEPLPTQLNGAPGEPAPAGPRDGDALDLEESSSSEHAERPPGPRRPDRGPRAKGKTRASQVKPGDSLPRRGPGAAGPGASGSGHGEERGGGAKASRWRGRQNREKRFTFVLAVVIGVFVVCWFPFFFTYTLIAVGCPVPSQLFNFFFWFGYCNSSLNPVIYTIFNHDFRRAFKKILCRGDRKRIV,0.08,,,,nM
,DIDJTOBWBNSVKL-SSDOTTSWSA-N,MKRLVCVLLVCSSAVAQLHKDPTLDHHWHLWKKTYGKQYKEKNEEAVRRLIWEKNLKFVMLHNLEHSMGMHSYDLGMNHLGDMTSEEVMSLMSSLRVPSQWQRNITYKSNPNRILPDSVDWREKGCVTEVKYQGSCGACWAFSAVGALEAQLKLKTGKLVSLSAQNLVDCSTEKYGNKGCNGGFMTTAFQYIIDNKGIDSDASYPYKAMDQKCQYDSKYRAATCSKYTELPYGREDVLKEAVANKGPVSVGVDARHPSFFLYRSGVYYEPSCTQNVNHGVLVVGYGDLNGKEYWLVKNSWGHNFGEEGYIRMARNKGNHCGIASFPSYPEI,<25,,,,nM
,QMHSXPLYMTVAMK-UHFFFAOYSA-N,MSCYRKRHFLLWLLRAVCMLHLTARGAYATVGLQGVPTWIYLGLKSPFIEFGNQVEQLANSSIPLNMTKDEQANMHQEGLRKLGTFIKPVDLRDSETGFVKADLTKRLVFDRPNNITSRPIHPIQEEMDQKQIILLDEDTDENGLPASLTDEDRKFIVPMALKNISPDPRWAATTPSPSALQPNAKAISTIVPSPLAQVEGDPTSNIDDLKKHILFLHNMTKTNSNFESKFVKFPSLQKDKAKTSGAGGSPPNPKRPQRPIHQYSAPIAPPTPKVPAPDGGGVGGAAYNPGEQPIGGYYQNEELANNQSLLKPTDTDSHPAAGGSSHGQKNPSEPQVILLNETLSTETSIEADRSPSINQPKAGSPARTTKRPPCLRNPESPKCIRQRRREEQQRQRERDEWFRGQSQYMQPRFEPIIQTINNTKRFAVSIEIPDSFKVSSEGSDGELLSRVERSQPSISSSSSSSSSSSRKIMPDYIKVSMENNTSVTDYFKHDVVMTSADVASDREFLIKNMEEHGGAGSANSHHNDTTPTADAYSETIDLNPNNCYSAIGLSNSQKKQCVKHTSVMPAISRGARAAIQECQFQFKNRRWNCSTTNDETVFGPMTSLAAPEMAFIHALAAATVTSFIARACRDGQLASCSCSRGSRPKQLHDDWKWGGCGDNLEFAYKFATDFIDSREKETNRETRGVKRKREEINKNRMHSDDTNAFNIGIKRNKNVDAKNDTSLVVRNVRKSTEAENSHILNENFDQHLLELEQRITKEILTSKIDEEEMIKLQEKIKQEIVNTKFFKGEQQPRKKKRKNQRAAADAPAYPRNGIKESYKDGGILPRSTATVKARSLMNLHNNEAGRRAVIKKARITCKCHGVSGSCSLITCWQQLSSIREIGDYLREKYEGATKVKINKRGRLQIKDLQFKVPTAHDLIYLDESPDWCRNSYALHWPGTHGRVCHKNSSGLESCAILCCGRGYNTKNIIVNERCNCKFHWCCQVKCEVCTKVLEEHTCK,,˜10,,,nM
,XFILPEOLDIKJHX-QYZOEREBSA-N,MSRNLIYRRNRALCFVLILFCFPYRFGARNTPEAEQSTAKATQIIHVSNSTWHDFSRLVDVQIGSHVSGVSELKRYLHRFGYVNDGSEIFSDVFDGPLESAISLYQENLGLPITGRLDTSTVTLMSLPRCGVSDTHMTINNDFLHTTAHYTYFNGKPKWNRDTLTYAISKTHKLDYLTSEDVKTVFRRAFSQWSSVIPVSFEEVDDFTTADLKIGFYAGDHGDGLPFDGVLGTLAHAFAPENGRLHLDAAETWIVDDDLKGSSEVAVDLESVATHEIGHLLGLGHSSQESAVMYPSLRPRTKKVDLTVDDVAGVLKLYGPNPKLRLDSLTQSEDSIKNGTVSHRFLSGNFIGYVLLVVGLILFL,,1 to 20,,,nM
,XFILPEOLDIKJHX-QYZOEREBSA-N,MRFCVFGFLSLFLIVSPASAWFFPNSTAVPPSLRNTTRVFWDAFSNFTGCHHGQNVDGLYRIKKYFQRFGYIPETFSGNFTDDFDDILKAAVELYQTNFNLNVTGELDALTIQHIVIPRCGNPDVVNGTSLMHGGRRKTFEVNFSRTHLHAVKRYTLFPGEPRWPRNRRDLTYAFDPKNPLTEEVKSVFSRAFGRWSDVTALNFTLSESFSTSDITIGFYTGDHGDGEPFDGVLGTLAHAFSPPSGKFHLDADENWVVSGDLDSFLSVTAAVDLESVAVHEIGHLLGLGHSSVEESIMYPTITTGKRKVDLTNDDVEGIQYLYGANPNFNGTTSPPSTTKHQRDTGGFSAAWRIDGSSRSTIVSLLLSTVGLVLWFLP,,1 to 20,,,nM
,XFILPEOLDIKJHX-QYZOEREBSA-N,MVRICVFMVFLLFFAPSPVSAGFYTNSSAIPPQLLRNATGNPWNSFLNFTGCHAGKKYDGLYMLKQYFQHFGYITETNLSGNFTDDFDDILKNAVEMYQRNFQLNVTGVLDELTLKHVVIPRCGNPDVVNGTSTMHSGRKTFEVSFAGRGQRFHAVKHYSFFPGEPRWPRNRRDLTYAFDPRNALTEEVKSVFSRAFTRWEEVTPLTFTRVERFSTSDISIGFYSGEHGDGEPFDGPMRTLAHAFSPPTGHFHLDGEENWIVSGEGGDGFISVSEAVDLESVAVHEIGHLLGLGHSSVEGSIMYPTIRTGRRKVDLTTDDVEGVQYLYGANPNFNGSRSPPPSTQQRDTGDSGAPGRSDGSRSVLTNLLQYYFWIIFGLFLYLV,,1 to 20,,,nM
,XFILPEOLDIKJHX-QYZOEREBSA-N,MAAMRLTLFRIVCLLPGCLALPLSQEAGEVTALQWEQAQNYLRKFYLHDSKTKKATSAVDKLREMQKFFGLPETGKLSPRVMEIMQKPRCGVPDVAEFSLMPNSPKWHSRTVTYRIVSYTTDLPRFLVDQIVKRALRMWSMQIPLNFKRVSWGTADIIIGFARGDHGDNFPFDGPGNTLGHAFAPGPGLGGDAHFDKDEYWTDGEDSGVNFLFVATHELGHSLGLGHSSVPSSVMYPTYQGDHSEDFSLTKDDIAGIQKLYGKRNKL,,1 to 20,,,nM
,XFILPEOLDIKJHX-QYZOEREBSA-N,MSPRQPLVLVFLVLGCCSAAPRPHKPTVVVFPGDLRTNLTDKQLAEEYLFRYGYTQVAELSNDKQSLSRGLRLLQRRLALPETGELDKTTLEAMRAPRCGVPDLGKFQTFEGDLKWHHNDITYWIQNYSEDLPRDVIDDAFARAFAVWSAVTPLTFTRVYGPEADIIIQFGVREHGDGYPFDGKNGLLAHAFPPGPGIQGDAHFDDEELWTLGKGVVVPTHFGNADGAPCHFPFTFEGRSYSACTTDGRSDDTPWCSTTADYDTDRRFGFCPSEKLYAQDGNGDGKPCVFPFTFEGRSYSTCTTDGRSDGYRWCSTTADYDQDKLYGFCPTRVDSAVTGGNSAGEPCVFPFIFLGKQYSTCTREGRGDGHLWCATTSNFDRDKKWGFCPDQGYSLFLVAAHEFGHALGLDHSSVPEALMYPMYSFTEGPPLHEDDVRGIQHLYGPRPEPEPQPPTAPPTAPPTVCATGPPTTRPSERPTAGPTGPPAAGPTGPPTAGPSEAPTVPVDPAEDICKVNIFDAIAEIRNYLHFFKEGKYWRFSKGKGRRVQGPFLSPSTWPALPRKLDSAFEDGLTKKTFFFSGRQVWVYTGTSVVGPRRLDKLGLGPEVTQVTGALPQGGGKVLLFSRQRFWSFDVKTQTVDPRSAGSVEQMYPGVPLNTHDIFQYQEKAYFCQDRFYWRVNSRNEVNQVDEVGYVTFDILQCPED,,1 to 20,,,nM
,OCSMOTCMPXTDND-OUAUKWLOSA-N,MVRICVFMVFLLFFAPSPVSAGFYTNSSAIPPQLLRNATGNPWNSFLNFTGCHAGKKYDGLYMLKQYFQHFGYITETNLSGNFTDDFDDILKNAVEMYQRNFQLNVTGVLDELTLKHVVIPRCGNPDVVNGTSTMHSGRKTFEVSFAGRGQRFHAVKHYSFFPGEPRWPRNRRDLTYAFDPRNALTEEVKSVFSRAFTRWEEVTPLTFTRVERFSTSDISIGFYSGEHGDGEPFDGPMRTLAHAFSPPTGHFHLDGEENWIVSGEGGDGFISVSEAVDLESVAVHEIGHLLGLGHSSVEGSIMYPTIRTGRRKVDLTTDDVEGVQYLYGANPNFNGSRSPPPSTQQRDTGDSGAPGRSDGSRSVLTNLLQYYFWIIFGLFLYLV,,230,,,nM
,UZOOIPXOYYJULJ-BLIZRMSTSA-N,MNVQEQGFPLDLGASFTEDAPRPPVPGEEGELVSTDSRPVNHSFCSGKGTSIKSETSTATPRRSDLDLGYEPEGSASPTPPYLRWAESLHSLLDDQDGISLFRTFLKQEGCADLLDFWFACSGFRKLEPCDSNEEKRLKLARAIYRKYILDSNGIVSRQTKPATKSFIKDCVMKQQIDPAMFDQAQTEIQSTMEENTYPSFLKSDIYLEYTRTGSESPKVCSDQSSGSGTGKGMSGYLPTLNEDEEWKCDQDADEDDGRDSVPPSRLTQKLLLETAAPRAPSSRRYNEGRELRYGSWREPVNPYYVNSGYALAPATSANDSEQQSLSSDADTLSLTDSSVDGIPPYRIRKQHRREMQESVQVNGRVPLPHIPRTYRMPKEIRVEPQKFAEELIHRLEAVQRTREAEEKLEERLKRVRMEEEGEDGEMPSGPMASHKLPSVPAWHHFPPRYVDMGCSGLRDAHEENPESILDEHVQRVMRTPGCQSPGPGHRSPDSGHVAKTAVLGGTASGHGKHAPKLGLKLDSAGLHHHRHVHHHVHHNSARPKEQMEAEAARRVQSSFSWGPETHGHAKPRSYSESTGTNPSAGDLAFGGKASAPSKRNTKKAESGKNASAEVPSTTEDAEKNQKIMQWIIEGEKEISRHRKAGHGSSGMRKQQAHESSRPLSIERPGAVHPWVSAQLRNSVQPSHLFIQDPTMPPNPAPNPLTQLEEARRRLEEEEKRANKLPSKQRTKSQRKAGGGSAPPCDSIVVAYYFCGEPIPYRTLVRGRAVTLGQFKELLTKKGSYRYYFKKVSDEFDCGVVFEEVREDEAILPVFEEKIIGKVEKVD,,0.6728,,,µM
,WZJFKVHMXBGZBQ-PMACEKPBSA-N,MNVQEQGFPLDLGASFTEDAPRPPVPGEEGELVSTDSRPVNHSFCSGKGTSIKSETSTATPRRSDLDLGYEPEGSASPTPPYLRWAESLHSLLDDQDGISLFRTFLKQEGCADLLDFWFACSGFRKLEPCDSNEEKRLKLARAIYRKYILDSNGIVSRQTKPATKSFIKDCVMKQQIDPAMFDQAQTEIQSTMEENTYPSFLKSDIYLEYTRTGSESPKVCSDQSSGSGTGKGMSGYLPTLNEDEEWKCDQDADEDDGRDSVPPSRLTQKLLLETAAPRAPSSRRYNEGRELRYGSWREPVNPYYVNSGYALAPATSANDSEQQSLSSDADTLSLTDSSVDGIPPYRIRKQHRREMQESVQVNGRVPLPHIPRTYRMPKEIRVEPQKFAEELIHRLEAVQRTREAEEKLEERLKRVRMEEEGEDGEMPSGPMASHKLPSVPAWHHFPPRYVDMGCSGLRDAHEENPESILDEHVQRVMRTPGCQSPGPGHRSPDSGHVAKTAVLGGTASGHGKHAPKLGLKLDSAGLHHHRHVHHHVHHNSARPKEQMEAEAARRVQSSFSWGPETHGHAKPRSYSESTGTNPSAGDLAFGGKASAPSKRNTKKAESGKNASAEVPSTTEDAEKNQKIMQWIIEGEKEISRHRKAGHGSSGMRKQQAHESSRPLSIERPGAVHPWVSAQLRNSVQPSHLFIQDPTMPPNPAPNPLTQLEEARRRLEEEEKRANKLPSKQRTKSQRKAGGGSAPPCDSIVVAYYFCGEPIPYRTLVRGRAVTLGQFKELLTKKGSYRYYFKKVSDEFDCGVVFEEVREDEAILPVFEEKIIGKVEKVD,,0.8739,,,µM
,XTEOJPUYZWEXFI-UHFFFAOYSA-N,MNVQEQGFPLDLGASFTEDAPRPPVPGEEGELVSTDSRPVNHSFCSGKGTSIKSETSTATPRRSDLDLGYEPEGSASPTPPYLRWAESLHSLLDDQDGISLFRTFLKQEGCADLLDFWFACSGFRKLEPCDSNEEKRLKLARAIYRKYILDSNGIVSRQTKPATKSFIKDCVMKQQIDPAMFDQAQTEIQSTMEENTYPSFLKSDIYLEYTRTGSESPKVCSDQSSGSGTGKGMSGYLPTLNEDEEWKCDQDADEDDGRDSVPPSRLTQKLLLETAAPRAPSSRRYNEGRELRYGSWREPVNPYYVNSGYALAPATSANDSEQQSLSSDADTLSLTDSSVDGIPPYRIRKQHRREMQESVQVNGRVPLPHIPRTYRMPKEIRVEPQKFAEELIHRLEAVQRTREAEEKLEERLKRVRMEEEGEDGEMPSGPMASHKLPSVPAWHHFPPRYVDMGCSGLRDAHEENPESILDEHVQRVMRTPGCQSPGPGHRSPDSGHVAKTAVLGGTASGHGKHAPKLGLKLDSAGLHHHRHVHHHVHHNSARPKEQMEAEAARRVQSSFSWGPETHGHAKPRSYSESTGTNPSAGDLAFGGKASAPSKRNTKKAESGKNASAEVPSTTEDAEKNQKIMQWIIEGEKEISRHRKAGHGSSGMRKQQAHESSRPLSIERPGAVHPWVSAQLRNSVQPSHLFIQDPTMPPNPAPNPLTQLEEARRRLEEEEKRANKLPSKQRTKSQRKAGGGSAPPCDSIVVAYYFCGEPIPYRTLVRGRAVTLGQFKELLTKKGSYRYYFKKVSDEFDCGVVFEEVREDEAILPVFEEKIIGKVEKVD,,0.694,,,µM
,DVOZVMGNANFGKF-UHFFFAOYSA-N,MNVQEQGFPLDLGASFTEDAPRPPVPGEEGELVSTDSRPVNHSFCSGKGTSIKSETSTATPRRSDLDLGYEPEGSASPTPPYLRWAESLHSLLDDQDGISLFRTFLKQEGCADLLDFWFACSGFRKLEPCDSNEEKRLKLARAIYRKYILDSNGIVSRQTKPATKSFIKDCVMKQQIDPAMFDQAQTEIQSTMEENTYPSFLKSDIYLEYTRTGSESPKVCSDQSSGSGTGKGMSGYLPTLNEDEEWKCDQDADEDDGRDSVPPSRLTQKLLLETAAPRAPSSRRYNEGRELRYGSWREPVNPYYVNSGYALAPATSANDSEQQSLSSDADTLSLTDSSVDGIPPYRIRKQHRREMQESVQVNGRVPLPHIPRTYRMPKEIRVEPQKFAEELIHRLEAVQRTREAEEKLEERLKRVRMEEEGEDGEMPSGPMASHKLPSVPAWHHFPPRYVDMGCSGLRDAHEENPESILDEHVQRVMRTPGCQSPGPGHRSPDSGHVAKTAVLGGTASGHGKHAPKLGLKLDSAGLHHHRHVHHHVHHNSARPKEQMEAEAARRVQSSFSWGPETHGHAKPRSYSESTGTNPSAGDLAFGGKASAPSKRNTKKAESGKNASAEVPSTTEDAEKNQKIMQWIIEGEKEISRHRKAGHGSSGMRKQQAHESSRPLSIERPGAVHPWVSAQLRNSVQPSHLFIQDPTMPPNPAPNPLTQLEEARRRLEEEEKRANKLPSKQRTKSQRKAGGGSAPPCDSIVVAYYFCGEPIPYRTLVRGRAVTLGQFKELLTKKGSYRYYFKKVSDEFDCGVVFEEVREDEAILPVFEEKIIGKVEKVD,,<4.00,,,µM
,FMUGAZVOOIUFAT-UHFFFAOYSA-N,MNVQEQGFPLDLGASFTEDAPRPPVPGEEGELVSTDSRPVNHSFCSGKGTSIKSETSTATPRRSDLDLGYEPEGSASPTPPYLRWAESLHSLLDDQDGISLFRTFLKQEGCADLLDFWFACSGFRKLEPCDSNEEKRLKLARAIYRKYILDSNGIVSRQTKPATKSFIKDCVMKQQIDPAMFDQAQTEIQSTMEENTYPSFLKSDIYLEYTRTGSESPKVCSDQSSGSGTGKGMSGYLPTLNEDEEWKCDQDADEDDGRDSVPPSRLTQKLLLETAAPRAPSSRRYNEGRELRYGSWREPVNPYYVNSGYALAPATSANDSEQQSLSSDADTLSLTDSSVDGIPPYRIRKQHRREMQESVQVNGRVPLPHIPRTYRMPKEIRVEPQKFAEELIHRLEAVQRTREAEEKLEERLKRVRMEEEGEDGEMPSGPMASHKLPSVPAWHHFPPRYVDMGCSGLRDAHEENPESILDEHVQRVMRTPGCQSPGPGHRSPDSGHVAKTAVLGGTASGHGKHAPKLGLKLDSAGLHHHRHVHHHVHHNSARPKEQMEAEAARRVQSSFSWGPETHGHAKPRSYSESTGTNPSAGDLAFGGKASAPSKRNTKKAESGKNASAEVPSTTEDAEKNQKIMQWIIEGEKEISRHRKAGHGSSGMRKQQAHESSRPLSIERPGAVHPWVSAQLRNSVQPSHLFIQDPTMPPNPAPNPLTQLEEARRRLEEEEKRANKLPSKQRTKSQRKAGGGSAPPCDSIVVAYYFCGEPIPYRTLVRGRAVTLGQFKELLTKKGSYRYYFKKVSDEFDCGVVFEEVREDEAILPVFEEKIIGKVEKVD,,<1.50,,,µM
,SOEIDCOJJGHLKZ-UHFFFAOYSA-N,MNVQEQGFPLDLGASFTEDAPRPPVPGEEGELVSTDSRPVNHSFCSGKGTSIKSETSTATPRRSDLDLGYEPEGSASPTPPYLRWAESLHSLLDDQDGISLFRTFLKQEGCADLLDFWFACSGFRKLEPCDSNEEKRLKLARAIYRKYILDSNGIVSRQTKPATKSFIKDCVMKQQIDPAMFDQAQTEIQSTMEENTYPSFLKSDIYLEYTRTGSESPKVCSDQSSGSGTGKGMSGYLPTLNEDEEWKCDQDADEDDGRDSVPPSRLTQKLLLETAAPRAPSSRRYNEGRELRYGSWREPVNPYYVNSGYALAPATSANDSEQQSLSSDADTLSLTDSSVDGIPPYRIRKQHRREMQESVQVNGRVPLPHIPRTYRMPKEIRVEPQKFAEELIHRLEAVQRTREAEEKLEERLKRVRMEEEGEDGEMPSGPMASHKLPSVPAWHHFPPRYVDMGCSGLRDAHEENPESILDEHVQRVMRTPGCQSPGPGHRSPDSGHVAKTAVLGGTASGHGKHAPKLGLKLDSAGLHHHRHVHHHVHHNSARPKEQMEAEAARRVQSSFSWGPETHGHAKPRSYSESTGTNPSAGDLAFGGKASAPSKRNTKKAESGKNASAEVPSTTEDAEKNQKIMQWIIEGEKEISRHRKAGHGSSGMRKQQAHESSRPLSIERPGAVHPWVSAQLRNSVQPSHLFIQDPTMPPNPAPNPLTQLEEARRRLEEEEKRANKLPSKQRTKSQRKAGGGSAPPCDSIVVAYYFCGEPIPYRTLVRGRAVTLGQFKELLTKKGSYRYYFKKVSDEFDCGVVFEEVREDEAILPVFEEKIIGKVEKVD,,<1.50,,,µM
,ROAMQROZNBSUQS-UHFFFAOYSA-N,MNVQEQGFPLDLGASFTEDAPRPPVPGEEGELVSTDSRPVNHSFCSGKGTSIKSETSTATPRRSDLDLGYEPEGSASPTPPYLRWAESLHSLLDDQDGISLFRTFLKQEGCADLLDFWFACSGFRKLEPCDSNEEKRLKLARAIYRKYILDSNGIVSRQTKPATKSFIKDCVMKQQIDPAMFDQAQTEIQSTMEENTYPSFLKSDIYLEYTRTGSESPKVCSDQSSGSGTGKGMSGYLPTLNEDEEWKCDQDADEDDGRDSVPPSRLTQKLLLETAAPRAPSSRRYNEGRELRYGSWREPVNPYYVNSGYALAPATSANDSEQQSLSSDADTLSLTDSSVDGIPPYRIRKQHRREMQESVQVNGRVPLPHIPRTYRMPKEIRVEPQKFAEELIHRLEAVQRTREAEEKLEERLKRVRMEEEGEDGEMPSGPMASHKLPSVPAWHHFPPRYVDMGCSGLRDAHEENPESILDEHVQRVMRTPGCQSPGPGHRSPDSGHVAKTAVLGGTASGHGKHAPKLGLKLDSAGLHHHRHVHHHVHHNSARPKEQMEAEAARRVQSSFSWGPETHGHAKPRSYSESTGTNPSAGDLAFGGKASAPSKRNTKKAESGKNASAEVPSTTEDAEKNQKIMQWIIEGEKEISRHRKAGHGSSGMRKQQAHESSRPLSIERPGAVHPWVSAQLRNSVQPSHLFIQDPTMPPNPAPNPLTQLEEARRRLEEEEKRANKLPSKQRTKSQRKAGGGSAPPCDSIVVAYYFCGEPIPYRTLVRGRAVTLGQFKELLTKKGSYRYYFKKVSDEFDCGVVFEEVREDEAILPVFEEKIIGKVEKVD,,<1.50,,,µM
,MBCJUIJWPYUEBX-UHFFFAOYSA-N,MNVQEQGFPLDLGASFTEDAPRPPVPGEEGELVSTDSRPVNHSFCSGKGTSIKSETSTATPRRSDLDLGYEPEGSASPTPPYLRWAESLHSLLDDQDGISLFRTFLKQEGCADLLDFWFACSGFRKLEPCDSNEEKRLKLARAIYRKYILDSNGIVSRQTKPATKSFIKDCVMKQQIDPAMFDQAQTEIQSTMEENTYPSFLKSDIYLEYTRTGSESPKVCSDQSSGSGTGKGMSGYLPTLNEDEEWKCDQDADEDDGRDSVPPSRLTQKLLLETAAPRAPSSRRYNEGRELRYGSWREPVNPYYVNSGYALAPATSANDSEQQSLSSDADTLSLTDSSVDGIPPYRIRKQHRREMQESVQVNGRVPLPHIPRTYRMPKEIRVEPQKFAEELIHRLEAVQRTREAEEKLEERLKRVRMEEEGEDGEMPSGPMASHKLPSVPAWHHFPPRYVDMGCSGLRDAHEENPESILDEHVQRVMRTPGCQSPGPGHRSPDSGHVAKTAVLGGTASGHGKHAPKLGLKLDSAGLHHHRHVHHHVHHNSARPKEQMEAEAARRVQSSFSWGPETHGHAKPRSYSESTGTNPSAGDLAFGGKASAPSKRNTKKAESGKNASAEVPSTTEDAEKNQKIMQWIIEGEKEISRHRKAGHGSSGMRKQQAHESSRPLSIERPGAVHPWVSAQLRNSVQPSHLFIQDPTMPPNPAPNPLTQLEEARRRLEEEEKRANKLPSKQRTKSQRKAGGGSAPPCDSIVVAYYFCGEPIPYRTLVRGRAVTLGQFKELLTKKGSYRYYFKKVSDEFDCGVVFEEVREDEAILPVFEEKIIGKVEKVD,,<1.50,,,µM
,NPQKWPKFRWMJFA-UHFFFAOYSA-N,MNVQEQGFPLDLGASFTEDAPRPPVPGEEGELVSTDSRPVNHSFCSGKGTSIKSETSTATPRRSDLDLGYEPEGSASPTPPYLRWAESLHSLLDDQDGISLFRTFLKQEGCADLLDFWFACSGFRKLEPCDSNEEKRLKLARAIYRKYILDSNGIVSRQTKPATKSFIKDCVMKQQIDPAMFDQAQTEIQSTMEENTYPSFLKSDIYLEYTRTGSESPKVCSDQSSGSGTGKGMSGYLPTLNEDEEWKCDQDADEDDGRDSVPPSRLTQKLLLETAAPRAPSSRRYNEGRELRYGSWREPVNPYYVNSGYALAPATSANDSEQQSLSSDADTLSLTDSSVDGIPPYRIRKQHRREMQESVQVNGRVPLPHIPRTYRMPKEIRVEPQKFAEELIHRLEAVQRTREAEEKLEERLKRVRMEEEGEDGEMPSGPMASHKLPSVPAWHHFPPRYVDMGCSGLRDAHEENPESILDEHVQRVMRTPGCQSPGPGHRSPDSGHVAKTAVLGGTASGHGKHAPKLGLKLDSAGLHHHRHVHHHVHHNSARPKEQMEAEAARRVQSSFSWGPETHGHAKPRSYSESTGTNPSAGDLAFGGKASAPSKRNTKKAESGKNASAEVPSTTEDAEKNQKIMQWIIEGEKEISRHRKAGHGSSGMRKQQAHESSRPLSIERPGAVHPWVSAQLRNSVQPSHLFIQDPTMPPNPAPNPLTQLEEARRRLEEEEKRANKLPSKQRTKSQRKAGGGSAPPCDSIVVAYYFCGEPIPYRTLVRGRAVTLGQFKELLTKKGSYRYYFKKVSDEFDCGVVFEEVREDEAILPVFEEKIIGKVEKVD,,<1.50,,,µM
,IACGFZVVGMZSEH-UHFFFAOYSA-N,MNVQEQGFPLDLGASFTEDAPRPPVPGEEGELVSTDSRPVNHSFCSGKGTSIKSETSTATPRRSDLDLGYEPEGSASPTPPYLRWAESLHSLLDDQDGISLFRTFLKQEGCADLLDFWFACSGFRKLEPCDSNEEKRLKLARAIYRKYILDSNGIVSRQTKPATKSFIKDCVMKQQIDPAMFDQAQTEIQSTMEENTYPSFLKSDIYLEYTRTGSESPKVCSDQSSGSGTGKGMSGYLPTLNEDEEWKCDQDADEDDGRDSVPPSRLTQKLLLETAAPRAPSSRRYNEGRELRYGSWREPVNPYYVNSGYALAPATSANDSEQQSLSSDADTLSLTDSSVDGIPPYRIRKQHRREMQESVQVNGRVPLPHIPRTYRMPKEIRVEPQKFAEELIHRLEAVQRTREAEEKLEERLKRVRMEEEGEDGEMPSGPMASHKLPSVPAWHHFPPRYVDMGCSGLRDAHEENPESILDEHVQRVMRTPGCQSPGPGHRSPDSGHVAKTAVLGGTASGHGKHAPKLGLKLDSAGLHHHRHVHHHVHHNSARPKEQMEAEAARRVQSSFSWGPETHGHAKPRSYSESTGTNPSAGDLAFGGKASAPSKRNTKKAESGKNASAEVPSTTEDAEKNQKIMQWIIEGEKEISRHRKAGHGSSGMRKQQAHESSRPLSIERPGAVHPWVSAQLRNSVQPSHLFIQDPTMPPNPAPNPLTQLEEARRRLEEEEKRANKLPSKQRTKSQRKAGGGSAPPCDSIVVAYYFCGEPIPYRTLVRGRAVTLGQFKELLTKKGSYRYYFKKVSDEFDCGVVFEEVREDEAILPVFEEKIIGKVEKVD,,<1.50,,,µM
,LYVSCNRRXJZCRV-QHCPKHFHSA-N,MNVQEQGFPLDLGASFTEDAPRPPVPGEEGELVSTDSRPVNHSFCSGKGTSIKSETSTATPRRSDLDLGYEPEGSASPTPPYLRWAESLHSLLDDQDGISLFRTFLKQEGCADLLDFWFACSGFRKLEPCDSNEEKRLKLARAIYRKYILDSNGIVSRQTKPATKSFIKDCVMKQQIDPAMFDQAQTEIQSTMEENTYPSFLKSDIYLEYTRTGSESPKVCSDQSSGSGTGKGMSGYLPTLNEDEEWKCDQDADEDDGRDSVPPSRLTQKLLLETAAPRAPSSRRYNEGRELRYGSWREPVNPYYVNSGYALAPATSANDSEQQSLSSDADTLSLTDSSVDGIPPYRIRKQHRREMQESVQVNGRVPLPHIPRTYRMPKEIRVEPQKFAEELIHRLEAVQRTREAEEKLEERLKRVRMEEEGEDGEMPSGPMASHKLPSVPAWHHFPPRYVDMGCSGLRDAHEENPESILDEHVQRVMRTPGCQSPGPGHRSPDSGHVAKTAVLGGTASGHGKHAPKLGLKLDSAGLHHHRHVHHHVHHNSARPKEQMEAEAARRVQSSFSWGPETHGHAKPRSYSESTGTNPSAGDLAFGGKASAPSKRNTKKAESGKNASAEVPSTTEDAEKNQKIMQWIIEGEKEISRHRKAGHGSSGMRKQQAHESSRPLSIERPGAVHPWVSAQLRNSVQPSHLFIQDPTMPPNPAPNPLTQLEEARRRLEEEEKRANKLPSKQRTKSQRKAGGGSAPPCDSIVVAYYFCGEPIPYRTLVRGRAVTLGQFKELLTKKGSYRYYFKKVSDEFDCGVVFEEVREDEAILPVFEEKIIGKVEKVD,,<1.50,,,µM
,STBLNCCBQMHSRC-BATDWUPUSA-N,MNVQEQGFPLDLGASFTEDAPRPPVPGEEGELVSTDSRPVNHSFCSGKGTSIKSETSTATPRRSDLDLGYEPEGSASPTPPYLRWAESLHSLLDDQDGISLFRTFLKQEGCADLLDFWFACSGFRKLEPCDSNEEKRLKLARAIYRKYILDSNGIVSRQTKPATKSFIKDCVMKQQIDPAMFDQAQTEIQSTMEENTYPSFLKSDIYLEYTRTGSESPKVCSDQSSGSGTGKGMSGYLPTLNEDEEWKCDQDADEDDGRDSVPPSRLTQKLLLETAAPRAPSSRRYNEGRELRYGSWREPVNPYYVNSGYALAPATSANDSEQQSLSSDADTLSLTDSSVDGIPPYRIRKQHRREMQESVQVNGRVPLPHIPRTYRMPKEIRVEPQKFAEELIHRLEAVQRTREAEEKLEERLKRVRMEEEGEDGEMPSGPMASHKLPSVPAWHHFPPRYVDMGCSGLRDAHEENPESILDEHVQRVMRTPGCQSPGPGHRSPDSGHVAKTAVLGGTASGHGKHAPKLGLKLDSAGLHHHRHVHHHVHHNSARPKEQMEAEAARRVQSSFSWGPETHGHAKPRSYSESTGTNPSAGDLAFGGKASAPSKRNTKKAESGKNASAEVPSTTEDAEKNQKIMQWIIEGEKEISRHRKAGHGSSGMRKQQAHESSRPLSIERPGAVHPWVSAQLRNSVQPSHLFIQDPTMPPNPAPNPLTQLEEARRRLEEEEKRANKLPSKQRTKSQRKAGGGSAPPCDSIVVAYYFCGEPIPYRTLVRGRAVTLGQFKELLTKKGSYRYYFKKVSDEFDCGVVFEEVREDEAILPVFEEKIIGKVEKVD,,<1.50,,,µM
,GGDUVPKRZGATLR-UHFFFAOYSA-N,MNVQEQGFPLDLGASFTEDAPRPPVPGEEGELVSTDSRPVNHSFCSGKGTSIKSETSTATPRRSDLDLGYEPEGSASPTPPYLRWAESLHSLLDDQDGISLFRTFLKQEGCADLLDFWFACSGFRKLEPCDSNEEKRLKLARAIYRKYILDSNGIVSRQTKPATKSFIKDCVMKQQIDPAMFDQAQTEIQSTMEENTYPSFLKSDIYLEYTRTGSESPKVCSDQSSGSGTGKGMSGYLPTLNEDEEWKCDQDADEDDGRDSVPPSRLTQKLLLETAAPRAPSSRRYNEGRELRYGSWREPVNPYYVNSGYALAPATSANDSEQQSLSSDADTLSLTDSSVDGIPPYRIRKQHRREMQESVQVNGRVPLPHIPRTYRMPKEIRVEPQKFAEELIHRLEAVQRTREAEEKLEERLKRVRMEEEGEDGEMPSGPMASHKLPSVPAWHHFPPRYVDMGCSGLRDAHEENPESILDEHVQRVMRTPGCQSPGPGHRSPDSGHVAKTAVLGGTASGHGKHAPKLGLKLDSAGLHHHRHVHHHVHHNSARPKEQMEAEAARRVQSSFSWGPETHGHAKPRSYSESTGTNPSAGDLAFGGKASAPSKRNTKKAESGKNASAEVPSTTEDAEKNQKIMQWIIEGEKEISRHRKAGHGSSGMRKQQAHESSRPLSIERPGAVHPWVSAQLRNSVQPSHLFIQDPTMPPNPAPNPLTQLEEARRRLEEEEKRANKLPSKQRTKSQRKAGGGSAPPCDSIVVAYYFCGEPIPYRTLVRGRAVTLGQFKELLTKKGSYRYYFKKVSDEFDCGVVFEEVREDEAILPVFEEKIIGKVEKVD,,<1.50,,,µM
,UDMBCSSLTHHNCD-KQYNXXCUSA-N,MSKPPPKPVKPGQVKVFRALYTFEPRTPDELYFEEGDIIYITDMSDTNWWKGTSKGRTGLIPSNYVAEQAESIDNPLHEAAKRGNLSWLRECLDNRVGVNGLDKAGSTALYWACHGGHKDIVEMLFTQPNIELNQQNKLGDTALHAAAWKGYADIVQLLLAKGARTDLRNIEKKLAFDMATNAACASLLKKKQGTDAVRTLSNAEDYLDDEDSD,,20.1,,,μg/ml
,XFILPEOLDIKJHX-QYZOEREBSA-N,MSRNLIYRRNRALCFVLILFCFPYRFGARNTPEAEQSTAKATQIIHVSNSTWHDFSRLVDVQIGSHVSGVSELKRYLHRFGYVNDGSEIFSDVFDGPLESAISLYQENLGLPITGRLDTSTVTLMSLPRCGVSDTHMTINNDFLHTTAHYTYFNGKPKWNRDTLTYAISKTHKLDYLTSEDVKTVFRRAFSQWSSVIPVSFEEVDDFTTADLKIGFYAGDHGDGLPFDGVLGTLAHAFAPENGRLHLDAAETWIVDDDLKGSSEVAVDLESVATHEIGHLLGLGHSSQESAVMYPSLRPRTKKVDLTVDDVAGVLKLYGPNPKLRLDSLTQSEDSIKNGTVSHRFLSGNFIGYVLLVVGLILFL,,1 to 20,,,nM
,XFILPEOLDIKJHX-QYZOEREBSA-N,MRFCVFGFLSLFLIVSPASAWFFPNSTAVPPSLRNTTRVFWDAFSNFTGCHHGQNVDGLYRIKKYFQRFGYIPETFSGNFTDDFDDILKAAVELYQTNFNLNVTGELDALTIQHIVIPRCGNPDVVNGTSLMHGGRRKTFEVNFSRTHLHAVKRYTLFPGEPRWPRNRRDLTYAFDPKNPLTEEVKSVFSRAFGRWSDVTALNFTLSESFSTSDITIGFYTGDHGDGEPFDGVLGTLAHAFSPPSGKFHLDADENWVVSGDLDSFLSVTAAVDLESVAVHEIGHLLGLGHSSVEESIMYPTITTGKRKVDLTNDDVEGIQYLYGANPNFNGTTSPPSTTKHQRDTGGFSAAWRIDGSSRSTIVSLLLSTVGLVLWFLP,,1 to 20,,,nM
,XFILPEOLDIKJHX-QYZOEREBSA-N,MVRICVFMVFLLFFAPSPVSAGFYTNSSAIPPQLLRNATGNPWNSFLNFTGCHAGKKYDGLYMLKQYFQHFGYITETNLSGNFTDDFDDILKNAVEMYQRNFQLNVTGVLDELTLKHVVIPRCGNPDVVNGTSTMHSGRKTFEVSFAGRGQRFHAVKHYSFFPGEPRWPRNRRDLTYAFDPRNALTEEVKSVFSRAFTRWEEVTPLTFTRVERFSTSDISIGFYSGEHGDGEPFDGPMRTLAHAFSPPTGHFHLDGEENWIVSGEGGDGFISVSEAVDLESVAVHEIGHLLGLGHSSVEGSIMYPTIRTGRRKVDLTTDDVEGVQYLYGANPNFNGSRSPPPSTQQRDTGDSGAPGRSDGSRSVLTNLLQYYFWIIFGLFLYLV,,1 to 20,,,nM
,XFILPEOLDIKJHX-QYZOEREBSA-N,MSPRQPLVLVFLVLGCCSAAPRPHKPTVVVFPGDLRTNLTDKQLAEEYLFRYGYTQVAELSNDKQSLSRGLRLLQRRLALPETGELDKTTLEAMRAPRCGVPDLGKFQTFEGDLKWHHNDITYWIQNYSEDLPRDVIDDAFARAFAVWSAVTPLTFTRVYGPEADIIIQFGVREHGDGYPFDGKNGLLAHAFPPGPGIQGDAHFDDEELWTLGKGVVVPTHFGNADGAPCHFPFTFEGRSYSACTTDGRSDDTPWCSTTADYDTDRRFGFCPSEKLYAQDGNGDGKPCVFPFTFEGRSYSTCTTDGRSDGYRWCSTTADYDQDKLYGFCPTRVDSAVTGGNSAGEPCVFPFIFLGKQYSTCTREGRGDGHLWCATTSNFDRDKKWGFCPDQGYSLFLVAAHEFGHALGLDHSSVPEALMYPMYSFTEGPPLHEDDVRGIQHLYGPRPEPEPQPPTAPPTAPPTVCATGPPTTRPSERPTAGPTGPPAAGPTGPPTAGPSEAPTVPVDPAEDICKVNIFDAIAEIRNYLHFFKEGKYWRFSKGKGRRVQGPFLSPSTWPALPRKLDSAFEDGLTKKTFFFSGRQVWVYTGTSVVGPRRLDKLGLGPEVTQVTGALPQGGGKVLLFSRQRFWSFDVKTQTVDPRSAGSVEQMYPGVPLNTHDIFQYQEKAYFCQDRFYWRVNSRNEVNQVDEVGYVTFDILQCPED,,1 to 20,,,nM
,OCSMOTCMPXTDND-OUAUKWLOSA-N,MVRICVFMVFLLFFAPSPVSAGFYTNSSAIPPQLLRNATGNPWNSFLNFTGCHAGKKYDGLYMLKQYFQHFGYITETNLSGNFTDDFDDILKNAVEMYQRNFQLNVTGVLDELTLKHVVIPRCGNPDVVNGTSTMHSGRKTFEVSFAGRGQRFHAVKHYSFFPGEPRWPRNRRDLTYAFDPRNALTEEVKSVFSRAFTRWEEVTPLTFTRVERFSTSDISIGFYSGEHGDGEPFDGPMRTLAHAFSPPTGHFHLDGEENWIVSGEGGDGFISVSEAVDLESVAVHEIGHLLGLGHSSVEGSIMYPTIRTGRRKVDLTTDDVEGVQYLYGANPNFNGSRSPPPSTQQRDTGDSGAPGRSDGSRSVLTNLLQYYFWIIFGLFLYLV,,230,,,nM
,OCTNNAIBEKZOPK-BWLIDFMXSA-N,MADESETAVKPPAPPLPQMMEGNGNGHEHCSDCENEEDNSYNRGGLSPANDTGAKKKKKKQKKKKEKGSETDSAQDQPVKMNSLPAERIQEIQKAIELFSVGQGPAKTMEEASKRSYQFWDTQPVPKLGEVVNTHGPVEPDKDNIRQEPYTLPQGFTWDALDLGDRGVLKELYTLLNENYVEDDDNMFRFDYSPEFLLWALRPPGWLPQWHCGVRVVSSRKLVGFISAIPANIHIYDTEKKMVEINFLCVHKKLRSKRVAPVLIREITRRVHLEGIFQAVYTAGVVLPKPVGTCRYWHRSLNPRKLIEVKFSHLSRNMTMQRTMKLYRLPETPKTAGLRPMETKDIPVVHQLLTRYLKQFHLTPVMSQEEVEHWFYPQENIIDTFVVENANGEVTDFLSFYTLPSTIMNHPTHKSLKAAYSFYNVHTQTPLLDLMSDALVLAKMKGFDVFNALDLMENKTFLEKLKFGIGDGNLQYYLYNWKCPSMGAEKVGLVLQ,,1.5,,,nM
,OJHMDRZMENMQFP-UHFFFAOYSA-N,MADESETAVKPPAPPLPQMMEGNGNGHEHCSDCENEEDNSYNRGGLSPANDTGAKKKKKKQKKKKEKGSETDSAQDQPVKMNSLPAERIQEIQKAIELFSVGQGPAKTMEEASKRSYQFWDTQPVPKLGEVVNTHGPVEPDKDNIRQEPYTLPQGFTWDALDLGDRGVLKELYTLLNENYVEDDDNMFRFDYSPEFLLWALRPPGWLPQWHCGVRVVSSRKLVGFISAIPANIHIYDTEKKMVEINFLCVHKKLRSKRVAPVLIREITRRVHLEGIFQAVYTAGVVLPKPVGTCRYWHRSLNPRKLIEVKFSHLSRNMTMQRTMKLYRLPETPKTAGLRPMETKDIPVVHQLLTRYLKQFHLTPVMSQEEVEHWFYPQENIIDTFVVENANGEVTDFLSFYTLPSTIMNHPTHKSLKAAYSFYNVHTQTPLLDLMSDALVLAKMKGFDVFNALDLMENKTFLEKLKFGIGDGNLQYYLYNWKCPSMGAEKVGLVLQ,,0.4,,,nM
