Ligand SMILES,Ligand InChI Key,Sequence,Ki (nM),IC50 (nM),Kd (nM),EC50 (nM),unit,patent_number,molecule_name,protein_target_name
,KQKPFRSPSRPDEB-UHFFFAOYSA-N,MSQSIVIGISDYKLAKGPEVLVTYALGSCVGVCLYDKVSKVGGLSHIMLPDSTNFSNRDINRKKFADTAIVDLVDEMKRAGCGNNRIVAKIAGGAQMFEVQPGSKLGAIGERNIVCVKQVLNQLRIPILAEDTGLNFGRTQYFDLATGIMKIQSLNRRIEEF,10.3,,,,nM,EP-1492786-B1,Sumatriptan,5-HT<sub>1B</sub> receptor
,KQKPFRSPSRPDEB-UHFFFAOYSA-N,MSQSIVIGISDYKLAKGPEVLVTYALGSCVGVCLYDKVSKVGGLSHIMLPDSTNFSNRDINRKKFADTAIVDLVDEMKRAGCGNNRIVAKIAGGAQMFEVQPGSKLGAIGERNIVCVKQVLNQLRIPILAEDTGLNFGRTQYFDLATGIMKIQSLNRRIEEF,5.1,,,,nM,EP-1492786-B1,Sumatriptan,5-HT<sub>1D</sub> receptor
,GVJHHUAWPYXKBD-IEOSBIPESA-N,MKLLKLTGFIFFLFFLTESLTLPTQPRDIENFNSTQKFIEDNIEYITIIAFAQYVQEATFEEMEKLVKDMVEYKDRCMADKTLPECSKLPNNVLQEKICAMEGLPQKHNFSHCCSKVDAQRRLCFFYNKKSDVGFLPPFPTLDPEEKCQAYESNRESLLNHFLYEVARRNPFVFAPTLLTVAVHFEEVAKSCCEEQNKVNCLQTRAIPVTQYLKAFSSYQKHVCGALLKFGTKVVHFIYIAILSQKFPKIEFKELISLVEDVSSNYDGCCEGDVVQCIRDTSKVMNHICSKQDSISSKIKECCEKKIPERGQCIINSNKDDRPKDLSLREGKFTDSENVCQERDADPDTFFAKFTFEYSRRHPDLSIPELLRIVQIYKDLLRNCCNTENPPGCYRYAEDKFNETTEKSLKMVQQECKHFQNLGKDGLKYHYLIRLTKIAPQLSTEELVSLGEKMVTAFTTCCTLSEEFACVDNLADLVFGELCGVNENRTINPAVDHCCKTNFAFRRPCFESLKADKTYVPPPFSQDLFTFHADMCQSQNEELQRKTDRFLVNLVKLKHELTDEELQSLFTNFANVVDKCCKAESPEVCFNEESPKIGN,,,18000.0,,nM,EP-2328605-A1,vitamin E,afamin
,PQXKHYXIUOZZFA-UHFFFAOYSA-M,MKVLAAGIVPLLLILHWKHGAGSPLPITPVNATCAIRHPCHGNLMNQIKSQLAQLNGSANALFISYYTAQGEPFPNNVDKLCAPNMTDFPPFHANGTEKTKLVELYRMVTYLGASLTNITWDQKNLNPTAVSLQIKLNATTDVMRGLLSSVLCRLCNKYHVGHVDVPCVPDNSSKEAFQRKKLGCQLLGTYKQVISVLAQAF,,,0.2,,nM,US-10583191-B2,LIF,LIF
,PQXKHYXIUOZZFA-UHFFFAOYSA-M,MKVLAAGIVPLLLILHWKHGAGSPLPITPVNATCAIRHPCHGNLMNQIKSQLAQLNGSANALFISYYTAQGEPFPNNVDKLCAPNMTDFPPFHANGTEKTKLVELYRMVTYLGASLTNITWDQKNLNPTAVSLQIKLNATTDVMRGLLSSVLCRLCNKYHVGHVDVPCVPDNSSKEAFQRKKLGCQLLGTYKQVISVLAQAF,,,0.1,,nM,US-10583191-B2,LIF,LIF
,PQXKHYXIUOZZFA-UHFFFAOYSA-M,MKVLAAGIVPLLLILHWKHGAGSPLPITPVNATCAIRHPCHGNLMNQIKSQLAQLNGSANALFISYYTAQGEPFPNNVDKLCAPNMTDFPPFHANGTEKTKLVELYRMVTYLGASLTNITWDQKNLNPTAVSLQIKLNATTDVMRGLLSSVLCRLCNKYHVGHVDVPCVPDNSSKEAFQRKKLGCQLLGTYKQVISVLAQAF,,,0.2,,nM,US-10583191-B2,LIF,LIF
,PQXKHYXIUOZZFA-UHFFFAOYSA-M,MKVLAAGIVPLLLILHWKHGAGSPLPITPVNATCAIRHPCHGNLMNQIKSQLAQLNGSANALFISYYTAQGEPFPNNVDKLCAPNMTDFPPFHANGTEKTKLVELYRMVTYLGASLTNITWDQKNLNPTAVSLQIKLNATTDVMRGLLSSVLCRLCNKYHVGHVDVPCVPDNSSKEAFQRKKLGCQLLGTYKQVISVLAQAF,,,0.1,,nM,US-10583191-B2,LIF,LIF
,PQXKHYXIUOZZFA-UHFFFAOYSA-M,MKVLAAGIVPLLLILHWKHGAGSPLPITPVNATCAIRHPCHGNLMNQIKSQLAQLNGSANALFISYYTAQGEPFPNNVDKLCAPNMTDFPPFHANGTEKTKLVELYRMVTYLGASLTNITWDQKNLNPTAVSLQIKLNATTDVMRGLLSSVLCRLCNKYHVGHVDVPCVPDNSSKEAFQRKKLGCQLLGTYKQVISVLAQAF,,,0.2,,nM,US-10583191-B2,LIF,LIF
,PQXKHYXIUOZZFA-UHFFFAOYSA-M,MKVLAAGIVPLLLILHWKHGAGSPLPITPVNATCAIRHPCHGNLMNQIKSQLAQLNGSANALFISYYTAQGEPFPNNVDKLCAPNMTDFPPFHANGTEKTKLVELYRMVTYLGASLTNITWDQKNLNPTAVSLQIKLNATTDVMRGLLSSVLCRLCNKYHVGHVDVPCVPDNSSKEAFQRKKLGCQLLGTYKQVISVLAQAF,,,0.1,,nM,US-10583191-B2,LIF,LIF
,PQXKHYXIUOZZFA-UHFFFAOYSA-M,MKVLAAGIVPLLLILHWKHGAGSPLPITPVNATCAIRHPCHGNLMNQIKSQLAQLNGSANALFISYYTAQGEPFPNNVDKLCAPNMTDFPPFHANGTEKTKLVELYRMVTYLGASLTNITWDQKNLNPTAVSLQIKLNATTDVMRGLLSSVLCRLCNKYHVGHVDVPCVPDNSSKEAFQRKKLGCQLLGTYKQVISVLAQAF,,,0.2,,nM,US-10583191-B2,LIF,LIF
,PQXKHYXIUOZZFA-UHFFFAOYSA-M,MKVLAAGIVPLLLILHWKHGAGSPLPITPVNATCAIRHPCHGNLMNQIKSQLAQLNGSANALFISYYTAQGEPFPNNVDKLCAPNMTDFPPFHANGTEKTKLVELYRMVTYLGASLTNITWDQKNLNPTAVSLQIKLNATTDVMRGLLSSVLCRLCNKYHVGHVDVPCVPDNSSKEAFQRKKLGCQLLGTYKQVISVLAQAF,,,0.1,,nM,US-10583191-B2,LIF,LIF
,PQXKHYXIUOZZFA-UHFFFAOYSA-M,MISVGEIMERANHSLVRMRREGEDLTLEEKAEICSELELQQKYVDIASNIIGDLSSLPIAGKIAGTIAAAAMTATHVASGRLDIEQTLLGCSDLPFDQIKEVLENRFNEIDRKLDSHSAALEEITKLVEKSISVVEKTRKQMNKRFDEVMKSIQDAKVSPIISKINNFARYFDTEKERIRGLKLNDYILKLEEPNGILLHFKESRTPTDDSLQAPLFSIIEEGYAVPKSIDDELAFKVLYALLYGTQTYVSVMFFLLEQYSFLANHYYEKGYLEKYDEYFNSLNNVFLDFKSSLVGTGTSNNEGLLDRVLQVLMTVKNSEFLGLEKNGVDEMLNEKINLFNKIKEEIEGKQKMTLSETPENFAQISFDKDITTPIGDWRDGREVRYAVQYASETLFSKISHWSDPVSVREKACPTLRMPVDQTRRNVLVFRKFDSSKPQLVGEITPYLSNFIDIDRDLYNAASNPDSAVGFKEFTKLNYDGANIRATFDHGRTVFHAAAKSGNDKIMFGLTFLAKSTELNQPDKKGYTPIHVAADSGNAGIVNLLIQRGVSINSKTYHFLQTPLHLAAQRGFVTTFQRLMESPEININERDKDGFTPLHYAIRGGERILEAFLNQISIDVNAKSNTGLTPFHLAIIKNDWPVASTLLGSKKVDINAVDENNITALHYAAILGYLETTKQLINLKEINANVVSSPGLLSALHYAILYKHDDVASFLMRSSNVNVNLKALGGITPLHLAVIQGRKQILSLMFDIGVNIEQKTDEKYTPLHLAAMSKYPELIQILLDQGSNFEAKTNSGATPLHLATFKGKSQAALILLNNEVNWRDTDENGQMPIHGAAMTGLLDVAQAIISIDATVVDIEDKNSDTPLNLAAQNSHIDVIKYFIDQGADINTRNKKGLAPLLAFSKKGNLDMVKYLFDKNANVYIADNDGMNFFYYAVQNGHLNIVKYAMSEKDKFEWSNTDNNRRDECPNEECAISHFAVCDAVQFDRIEIVKYFVGTLGNFAICGPLHQAARYGHLDIVKYLVEEEFLSVDGSKTDTPLCYASENGHFTVVQYLVSNGAKVNHDCGNGMTAIDKAITKNHLQVVQFLAANGVDFRRKNSRGTTPFLTAVAENALHIAEYLIREKRQDININEQNVDKDTALHLAVYYKNLQMIKLLIKYGIDVTIRNAYDKTALDIAIDAKFSNIVEYLKTKSGKFRREYKSSYGERSLLQTNQISNFIDRKNIEHDHPLFINADNESSELFSKTASNIDVIGTLLLIDVLIRYFSKQGYISKESDSASDGITQAAALSITEKFEDVLNSLHNESAKEQVDLAEVHGKVYAALKSGRNSQIHQILCSSLNSISTLKPEDMEKLESVIMNSHSSVSLPEVTDSANEAYGETLHLFGESCLHSDGILTKKLM,,,0.2,,nM,US-10583191-B2,LIF,recombinant antibody
,PQXKHYXIUOZZFA-UHFFFAOYSA-M,MISVGEIMERANHSLVRMRREGEDLTLEEKAEICSELELQQKYVDIASNIIGDLSSLPIAGKIAGTIAAAAMTATHVASGRLDIEQTLLGCSDLPFDQIKEVLENRFNEIDRKLDSHSAALEEITKLVEKSISVVEKTRKQMNKRFDEVMKSIQDAKVSPIISKINNFARYFDTEKERIRGLKLNDYILKLEEPNGILLHFKESRTPTDDSLQAPLFSIIEEGYAVPKSIDDELAFKVLYALLYGTQTYVSVMFFLLEQYSFLANHYYEKGYLEKYDEYFNSLNNVFLDFKSSLVGTGTSNNEGLLDRVLQVLMTVKNSEFLGLEKNGVDEMLNEKINLFNKIKEEIEGKQKMTLSETPENFAQISFDKDITTPIGDWRDGREVRYAVQYASETLFSKISHWSDPVSVREKACPTLRMPVDQTRRNVLVFRKFDSSKPQLVGEITPYLSNFIDIDRDLYNAASNPDSAVGFKEFTKLNYDGANIRATFDHGRTVFHAAAKSGNDKIMFGLTFLAKSTELNQPDKKGYTPIHVAADSGNAGIVNLLIQRGVSINSKTYHFLQTPLHLAAQRGFVTTFQRLMESPEININERDKDGFTPLHYAIRGGERILEAFLNQISIDVNAKSNTGLTPFHLAIIKNDWPVASTLLGSKKVDINAVDENNITALHYAAILGYLETTKQLINLKEINANVVSSPGLLSALHYAILYKHDDVASFLMRSSNVNVNLKALGGITPLHLAVIQGRKQILSLMFDIGVNIEQKTDEKYTPLHLAAMSKYPELIQILLDQGSNFEAKTNSGATPLHLATFKGKSQAALILLNNEVNWRDTDENGQMPIHGAAMTGLLDVAQAIISIDATVVDIEDKNSDTPLNLAAQNSHIDVIKYFIDQGADINTRNKKGLAPLLAFSKKGNLDMVKYLFDKNANVYIADNDGMNFFYYAVQNGHLNIVKYAMSEKDKFEWSNTDNNRRDECPNEECAISHFAVCDAVQFDRIEIVKYFVGTLGNFAICGPLHQAARYGHLDIVKYLVEEEFLSVDGSKTDTPLCYASENGHFTVVQYLVSNGAKVNHDCGNGMTAIDKAITKNHLQVVQFLAANGVDFRRKNSRGTTPFLTAVAENALHIAEYLIREKRQDININEQNVDKDTALHLAVYYKNLQMIKLLIKYGIDVTIRNAYDKTALDIAIDAKFSNIVEYLKTKSGKFRREYKSSYGERSLLQTNQISNFIDRKNIEHDHPLFINADNESSELFSKTASNIDVIGTLLLIDVLIRYFSKQGYISKESDSASDGITQAAALSITEKFEDVLNSLHNESAKEQVDLAEVHGKVYAALKSGRNSQIHQILCSSLNSISTLKPEDMEKLESVIMNSHSSVSLPEVTDSANEAYGETLHLFGESCLHSDGILTKKLM,,,0.1,,nM,US-10583191-B2,LIF,recombinant antibody
,PQXKHYXIUOZZFA-UHFFFAOYSA-M,MISVGEIMERANHSLVRMRREGEDLTLEEKAEICSELELQQKYVDIASNIIGDLSSLPIAGKIAGTIAAAAMTATHVASGRLDIEQTLLGCSDLPFDQIKEVLENRFNEIDRKLDSHSAALEEITKLVEKSISVVEKTRKQMNKRFDEVMKSIQDAKVSPIISKINNFARYFDTEKERIRGLKLNDYILKLEEPNGILLHFKESRTPTDDSLQAPLFSIIEEGYAVPKSIDDELAFKVLYALLYGTQTYVSVMFFLLEQYSFLANHYYEKGYLEKYDEYFNSLNNVFLDFKSSLVGTGTSNNEGLLDRVLQVLMTVKNSEFLGLEKNGVDEMLNEKINLFNKIKEEIEGKQKMTLSETPENFAQISFDKDITTPIGDWRDGREVRYAVQYASETLFSKISHWSDPVSVREKACPTLRMPVDQTRRNVLVFRKFDSSKPQLVGEITPYLSNFIDIDRDLYNAASNPDSAVGFKEFTKLNYDGANIRATFDHGRTVFHAAAKSGNDKIMFGLTFLAKSTELNQPDKKGYTPIHVAADSGNAGIVNLLIQRGVSINSKTYHFLQTPLHLAAQRGFVTTFQRLMESPEININERDKDGFTPLHYAIRGGERILEAFLNQISIDVNAKSNTGLTPFHLAIIKNDWPVASTLLGSKKVDINAVDENNITALHYAAILGYLETTKQLINLKEINANVVSSPGLLSALHYAILYKHDDVASFLMRSSNVNVNLKALGGITPLHLAVIQGRKQILSLMFDIGVNIEQKTDEKYTPLHLAAMSKYPELIQILLDQGSNFEAKTNSGATPLHLATFKGKSQAALILLNNEVNWRDTDENGQMPIHGAAMTGLLDVAQAIISIDATVVDIEDKNSDTPLNLAAQNSHIDVIKYFIDQGADINTRNKKGLAPLLAFSKKGNLDMVKYLFDKNANVYIADNDGMNFFYYAVQNGHLNIVKYAMSEKDKFEWSNTDNNRRDECPNEECAISHFAVCDAVQFDRIEIVKYFVGTLGNFAICGPLHQAARYGHLDIVKYLVEEEFLSVDGSKTDTPLCYASENGHFTVVQYLVSNGAKVNHDCGNGMTAIDKAITKNHLQVVQFLAANGVDFRRKNSRGTTPFLTAVAENALHIAEYLIREKRQDININEQNVDKDTALHLAVYYKNLQMIKLLIKYGIDVTIRNAYDKTALDIAIDAKFSNIVEYLKTKSGKFRREYKSSYGERSLLQTNQISNFIDRKNIEHDHPLFINADNESSELFSKTASNIDVIGTLLLIDVLIRYFSKQGYISKESDSASDGITQAAALSITEKFEDVLNSLHNESAKEQVDLAEVHGKVYAALKSGRNSQIHQILCSSLNSISTLKPEDMEKLESVIMNSHSSVSLPEVTDSANEAYGETLHLFGESCLHSDGILTKKLM,,,0.2,,nM,US-10583191-B2,LIF,recombinant antibody
,PQXKHYXIUOZZFA-UHFFFAOYSA-M,MISVGEIMERANHSLVRMRREGEDLTLEEKAEICSELELQQKYVDIASNIIGDLSSLPIAGKIAGTIAAAAMTATHVASGRLDIEQTLLGCSDLPFDQIKEVLENRFNEIDRKLDSHSAALEEITKLVEKSISVVEKTRKQMNKRFDEVMKSIQDAKVSPIISKINNFARYFDTEKERIRGLKLNDYILKLEEPNGILLHFKESRTPTDDSLQAPLFSIIEEGYAVPKSIDDELAFKVLYALLYGTQTYVSVMFFLLEQYSFLANHYYEKGYLEKYDEYFNSLNNVFLDFKSSLVGTGTSNNEGLLDRVLQVLMTVKNSEFLGLEKNGVDEMLNEKINLFNKIKEEIEGKQKMTLSETPENFAQISFDKDITTPIGDWRDGREVRYAVQYASETLFSKISHWSDPVSVREKACPTLRMPVDQTRRNVLVFRKFDSSKPQLVGEITPYLSNFIDIDRDLYNAASNPDSAVGFKEFTKLNYDGANIRATFDHGRTVFHAAAKSGNDKIMFGLTFLAKSTELNQPDKKGYTPIHVAADSGNAGIVNLLIQRGVSINSKTYHFLQTPLHLAAQRGFVTTFQRLMESPEININERDKDGFTPLHYAIRGGERILEAFLNQISIDVNAKSNTGLTPFHLAIIKNDWPVASTLLGSKKVDINAVDENNITALHYAAILGYLETTKQLINLKEINANVVSSPGLLSALHYAILYKHDDVASFLMRSSNVNVNLKALGGITPLHLAVIQGRKQILSLMFDIGVNIEQKTDEKYTPLHLAAMSKYPELIQILLDQGSNFEAKTNSGATPLHLATFKGKSQAALILLNNEVNWRDTDENGQMPIHGAAMTGLLDVAQAIISIDATVVDIEDKNSDTPLNLAAQNSHIDVIKYFIDQGADINTRNKKGLAPLLAFSKKGNLDMVKYLFDKNANVYIADNDGMNFFYYAVQNGHLNIVKYAMSEKDKFEWSNTDNNRRDECPNEECAISHFAVCDAVQFDRIEIVKYFVGTLGNFAICGPLHQAARYGHLDIVKYLVEEEFLSVDGSKTDTPLCYASENGHFTVVQYLVSNGAKVNHDCGNGMTAIDKAITKNHLQVVQFLAANGVDFRRKNSRGTTPFLTAVAENALHIAEYLIREKRQDININEQNVDKDTALHLAVYYKNLQMIKLLIKYGIDVTIRNAYDKTALDIAIDAKFSNIVEYLKTKSGKFRREYKSSYGERSLLQTNQISNFIDRKNIEHDHPLFINADNESSELFSKTASNIDVIGTLLLIDVLIRYFSKQGYISKESDSASDGITQAAALSITEKFEDVLNSLHNESAKEQVDLAEVHGKVYAALKSGRNSQIHQILCSSLNSISTLKPEDMEKLESVIMNSHSSVSLPEVTDSANEAYGETLHLFGESCLHSDGILTKKLM,,,0.1,,nM,US-10583191-B2,LIF,recombinant antibody
,VWUXBMIQPBEWFH-WCCTWKNTSA-N,MTMTLHTKASGMALLHQIQGNELEPLNRPQLKIPLERPLGEVYLDSSKPAVYNYPEGAAYEFNAAAAANAQVYGQTGLPYGPGSEAAAFGSNGLGGFPPLNSVSPSPLMLLHPPPQLSPFLQPHGQQVPYYLENEPSGYTVREAGPPAFYRPNSDNRRQGGRERLASTNDKGSMAMESAKETRYCAVCNDYASGYHYGVWSCEGCKAFFKRSIQGHNDYMCPATNQCTIDKNRRKSCQACRLRKCYEVGMMKGGIRKDRRGGRMLKHKRQRDDGEGRGEVGSAGDMRAANLWPSPLMIKRSKKNSLALSLTADQMVSALLDAEPPILYSEYDPTRPFSEASMMGLLTNLADRELVHMINWAKRVPGFVDLTLHDQVHLLECAWLEILMIGLVWRSMEHPGKLLFAPNLLLDRNQGKCVEGMVEIFDMLLATSSRFRMMNLQGEEFVCLKSIILLNSGVYTFLSSTLKSLEEKDHIHRVLDKITDTLIHLMAKAGLTLQQQHQRLAQLLLILSHIRHMSNKGMEHLYSMKCKNVVPLYDLLLEMLDAHRLHAPTSRGGASVEETDQSHLATAGSTSSHSLQKYYITGEAEGFPATV,,4.9,,,nM,US-20080200441-A1,"ICI 182,780",ERα
,VWUXBMIQPBEWFH-WCCTWKNTSA-N,MEIKNSPSSLSSPASYNCSQSILPLEHGPIYIPSSYVDNRHEYSAMTFYSPAVMNYSVPGSTSNLDGGPVRLSTSPNVLWPTSGHLSPLATHCQSSLLYAEPQKSPWCEARSLEHTLPVNRETLKRKLSGSSCASPVTSPNAKRDAHFCPVCSDYASGYHYGVWSCEGCKAFFKRSIQGHNDYICPATNQCTIDKNRRKSCQACRLRKCYEVGMVKCGSRRERCGYRIVRRQRSSSEQVHCLSKAKRNGGHAPRVKELLLSTLSPEQLVLTLLEAEPPNVLVSRPSMPFTEASMMMSLTKLADKELVHMIGWAKKIPGFVELSLLDQVRLLESCWMEVLMVGLMWRSIDHPGKLIFAPDLVLDRDEGKCVEGILEIFDMLLATTSRFRELKLQHKEYLCVKAMILLNSSMYPLASANQEAESSRKLTHLLNAVTDALVWVIAKSGISSQQQSVRLANLLMLLSHVRHISNKGMEHLLSMKCKNVVPVYDLLLEMLNAHTLRGYKSSISGSECSSTEDSKNKESSQNLQSQ,,44.1,,,nM,US-20080200441-A1,"ICI 182,780",ERβ
,SSOHDJGVZGLZFJ-RTUXCIKFSA-N,MTMTLHTKASGMALLHQIQGNELEPLNRPQLKIPLERPLGEVYLDSSKPAVYNYPEGAAYEFNAAAAANAQVYGQTGLPYGPGSEAAAFGSNGLGGFPPLNSVSPSPLMLLHPPPQLSPFLQPHGQQVPYYLENEPSGYTVREAGPPAFYRPNSDNRRQGGRERLASTNDKGSMAMESAKETRYCAVCNDYASGYHYGVWSCEGCKAFFKRSIQGHNDYMCPATNQCTIDKNRRKSCQACRLRKCYEVGMMKGGIRKDRRGGRMLKHKRQRDDGEGRGEVGSAGDMRAANLWPSPLMIKRSKKNSLALSLTADQMVSALLDAEPPILYSEYDPTRPFSEASMMGLLTNLADRELVHMINWAKRVPGFVDLTLHDQVHLLECAWLEILMIGLVWRSMEHPGKLLFAPNLLLDRNQGKCVEGMVEIFDMLLATSSRFRMMNLQGEEFVCLKSIILLNSGVYTFLSSTLKSLEEKDHIHRVLDKITDTLIHLMAKAGLTLQQQHQRLAQLLLILSHIRHMSNKGMEHLYSMKCKNVVPLYDLLLEMLDAHRLHAPTSRGGASVEETDQSHLATAGSTSSHSLQKYYITGEAEGFPATV,,193.0,,,nM,US-20080200441-A1,NS1,ERα
,SSOHDJGVZGLZFJ-RTUXCIKFSA-N,MEIKNSPSSLSSPASYNCSQSILPLEHGPIYIPSSYVDNRHEYSAMTFYSPAVMNYSVPGSTSNLDGGPVRLSTSPNVLWPTSGHLSPLATHCQSSLLYAEPQKSPWCEARSLEHTLPVNRETLKRKLSGSSCASPVTSPNAKRDAHFCPVCSDYASGYHYGVWSCEGCKAFFKRSIQGHNDYICPATNQCTIDKNRRKSCQACRLRKCYEVGMVKCGSRRERCGYRIVRRQRSSSEQVHCLSKAKRNGGHAPRVKELLLSTLSPEQLVLTLLEAEPPNVLVSRPSMPFTEASMMMSLTKLADKELVHMIGWAKKIPGFVELSLLDQVRLLESCWMEVLMVGLMWRSIDHPGKLIFAPDLVLDRDEGKCVEGILEIFDMLLATTSRFRELKLQHKEYLCVKAMILLNSSMYPLASANQEAESSRKLTHLLNAVTDALVWVIAKSGISSQQQSVRLANLLMLLSHVRHISNKGMEHLLSMKCKNVVPVYDLLLEMLNAHTLRGYKSSISGSECSSTEDSKNKESSQNLQSQ,,267.0,,,nM,US-20080200441-A1,NS1,ERβ
,DIDJTOBWBNSVKL-SSDOTTSWSA-N,MKDSCITVMAMALLSGFFFFAPASSYNLDVRGARSFSPPRAGRHFGYRVLQVGNGVIVGAPGEGNSTGSLYQCQSGTGHCLPVTLRGSNYTSKYLGMTLATDPTDGSILACDPGLSRTCDQNTYLSGLCYLFRQNLQGPMLQGRPGFQECIKGNVDLVFLFDGSMSLQPDEFQKILDFMKDVMKKLSNTSYQFAAVQFSTSYKTEFDFSDYVKRKDPDALLKHVKHMLLLTNTFGAINYVATEVFREELGARPDATKVLIIITDGEATDSGNIDAAKDIIRYIIGIGKHFQTKESQETLHKFASKPASEFVKILDTFEKLKDLFTELQKKIYVIEGTSKQDLTSFNMELSSSGISADLSRGHAVVGAVGAKDWAGGFLDLKADLQDDTFIGNEPLTPEVRAGYLGYTVTWLPSRQKTSLLASGAPRYQHMGRVLLFQEPQGGGHWSQVQTIHGTQIGSYFGGELCGVDVDQDGETELLLIGAPLFYGEQRGGRVFIYQRRQLGFEEVSELQGDPGYPLGRFGEAITALTDINGDGLVDVAVGAPLEEQGAVYIFNGRHGGLSPQPSQRIEGTQVLSGIQWFGRSIHGVKDLEGDGLADVAVGAESQMIVLSSRPVVDMVTLMSFSPAEIPVHEVECSYSTSNKMKEGVNITICFQIKSLIPQFQGRLVANLTYTLQLDGHRTRRRGLFPGGRHELRRNIAVTTSMSCTDFSFHFPVCVQDLISPINVSLNFSLWEEEGTPRDQRAQGKDIPPILRPSLHSETWEIPFEKNCGEDKKCEANLRVSFSPARSRALRLTAFASLSVELSLSNLEEDAYWVQLDLHFPPGLSFRKVEMLKPHSQIPVSCEELPEESRLLSRALSCNVSSPIFKAGHSVALQMMFNTLVNSSWGDSVELHANVTCNNEDSDLLEDNSATTIIPILYPINILIQDQEDSTLYVSFTPKGPKIHQVKHMYQVRIQPSIHDHNIPTLEAVVGVPQPPSEGPITHQWSVQMEPPVPCHYEDLERLPDAAEPCLPGALFRCPVVFRQEILVQVIGTLELVGEIEASSMFSLCSSLSISFNSSKHFHLYGSNASLAQVVMKVDVVYEKQMLYLYVLSGIGGLLLLLLIFIVLYKVGFFKRNLKEKMEAGRGVPNGIPAEDSEQLASGQEAGDPGCLKPLHEKDSESGGGKD,,2.0,,,nM,US-20090155176-A1,Compound 3,LFA-1
,DIDJTOBWBNSVKL-SSDOTTSWSA-N,MKDSCITVMAMALLSGFFFFAPASSYNLDVRGARSFSPPRAGRHFGYRVLQVGNGVIVGAPGEGNSTGSLYQCQSGTGHCLPVTLRGSNYTSKYLGMTLATDPTDGSILACDPGLSRTCDQNTYLSGLCYLFRQNLQGPMLQGRPGFQECIKGNVDLVFLFDGSMSLQPDEFQKILDFMKDVMKKLSNTSYQFAAVQFSTSYKTEFDFSDYVKRKDPDALLKHVKHMLLLTNTFGAINYVATEVFREELGARPDATKVLIIITDGEATDSGNIDAAKDIIRYIIGIGKHFQTKESQETLHKFASKPASEFVKILDTFEKLKDLFTELQKKIYVIEGTSKQDLTSFNMELSSSGISADLSRGHAVVGAVGAKDWAGGFLDLKADLQDDTFIGNEPLTPEVRAGYLGYTVTWLPSRQKTSLLASGAPRYQHMGRVLLFQEPQGGGHWSQVQTIHGTQIGSYFGGELCGVDVDQDGETELLLIGAPLFYGEQRGGRVFIYQRRQLGFEEVSELQGDPGYPLGRFGEAITALTDINGDGLVDVAVGAPLEEQGAVYIFNGRHGGLSPQPSQRIEGTQVLSGIQWFGRSIHGVKDLEGDGLADVAVGAESQMIVLSSRPVVDMVTLMSFSPAEIPVHEVECSYSTSNKMKEGVNITICFQIKSLIPQFQGRLVANLTYTLQLDGHRTRRRGLFPGGRHELRRNIAVTTSMSCTDFSFHFPVCVQDLISPINVSLNFSLWEEEGTPRDQRAQGKDIPPILRPSLHSETWEIPFEKNCGEDKKCEANLRVSFSPARSRALRLTAFASLSVELSLSNLEEDAYWVQLDLHFPPGLSFRKVEMLKPHSQIPVSCEELPEESRLLSRALSCNVSSPIFKAGHSVALQMMFNTLVNSSWGDSVELHANVTCNNEDSDLLEDNSATTIIPILYPINILIQDQEDSTLYVSFTPKGPKIHQVKHMYQVRIQPSIHDHNIPTLEAVVGVPQPPSEGPITHQWSVQMEPPVPCHYEDLERLPDAAEPCLPGALFRCPVVFRQEILVQVIGTLELVGEIEASSMFSLCSSLSISFNSSKHFHLYGSNASLAQVVMKVDVVYEKQMLYLYVLSGIGGLLLLLLIFIVLYKVGFFKRNLKEKMEAGRGVPNGIPAEDSEQLASGQEAGDPGCLKPLHEKDSESGGGKD,,3.0,,,nM,US-20090155176-A1,Compound 3,LFA-1
,CRDZYJSQHCXHEG-SFVBTVKNSA-N,MRIFAVFIFMTYWHLLNAFTVTVPKDLYVVEYGSNMTIECKFPVEKQLDLAALIVYWEMEDKNIIQFVHGEEDLKVQHSSYRQRARLLKDQLSLGNAALQITDVKLQDAGVYRCMISYGGADYKRITVKVNAPYNKINQRILVVDPVTSEHELTCQAEGYPKAEVIWTSSDHQVLSGKTTTTNSKREEKLFNVTSTLRINTTTNEIFYCTFRRLDPEENHTAELVIPELPLAHPPNERTHLVILGAILLCLGVALTFIFRLRKGRMMDVKKCGIQDTNSKKQSDTHLEET,,,770.0,,nM,US-20240150417-A1,PD1,PD-L1
,AIXAANGOTKPUOY-UHFFFAOYSA-N,MIGGLFIYNHKGEVLISRVYRDDIGRNAVDAFRVNVIHARQQVRSPVTNIARTSFFHVKRSNIWLAAVTKQNVNAAMVFEFLYKMCDVMAAYFGKISEENIKNNFVLIYELLDEILDFGYPQNSETGALKTFITQQGIKSQHQTKEEQSQITSQVTGQIGWRREGIKYRRNELFLDVLESVNLLMSPQGQVLSAHVSGRVVMKSYLSGMPECKFGMNDKIVIEKQGKGTADETSKSGKQSIAIDDCTFHQCVRLSKFDSERSISFIPPDGEFELMRYRTTKDIILPFRVIPLVREVGRTKLEVKVVIKSNFKPSLLAQKIEVRIPTPLNTSGVQVICMKGKAKYKASENAIVWKIKRMAGMKESQISAEIELLPTNDKKKWARPPISMNFEVPFAPSGLKVRYLKVFEPKLNYSDHDVIKWVRYIGRSGIYETRC,,,,1995.2623149688786,nM,WO-2008002602-A1,carbachol,M1 receptor
,JNNOSTQEZICQQP-UHFFFAOYSA-N,MIGGLFIYNHKGEVLISRVYRDDIGRNAVDAFRVNVIHARQQVRSPVTNIARTSFFHVKRSNIWLAAVTKQNVNAAMVFEFLYKMCDVMAAYFGKISEENIKNNFVLIYELLDEILDFGYPQNSETGALKTFITQQGIKSQHQTKEEQSQITSQVTGQIGWRREGIKYRRNELFLDVLESVNLLMSPQGQVLSAHVSGRVVMKSYLSGMPECKFGMNDKIVIEKQGKGTADETSKSGKQSIAIDDCTFHQCVRLSKFDSERSISFIPPDGEFELMRYRTTKDIILPFRVIPLVREVGRTKLEVKVVIKSNFKPSLLAQKIEVRIPTPLNTSGVQVICMKGKAKYKASENAIVWKIKRMAGMKESQISAEIELLPTNDKKKWARPPISMNFEVPFAPSGLKVRYLKVFEPKLNYSDHDVIKWVRYIGRSGIYETRC,,,,199.52623149688787,nM,WO-2008002602-A1,N-desmethylclozapine,M1 receptor
,RKUNBYITZUJHSG-PJPHBNEVSA-N,MIGGLFIYNHKGEVLISRVYRDDIGRNAVDAFRVNVIHARQQVRSPVTNIARTSFFHVKRSNIWLAAVTKQNVNAAMVFEFLYKMCDVMAAYFGKISEENIKNNFVLIYELLDEILDFGYPQNSETGALKTFITQQGIKSQHQTKEEQSQITSQVTGQIGWRREGIKYRRNELFLDVLESVNLLMSPQGQVLSAHVSGRVVMKSYLSGMPECKFGMNDKIVIEKQGKGTADETSKSGKQSIAIDDCTFHQCVRLSKFDSERSISFIPPDGEFELMRYRTTKDIILPFRVIPLVREVGRTKLEVKVVIKSNFKPSLLAQKIEVRIPTPLNTSGVQVICMKGKAKYKASENAIVWKIKRMAGMKESQISAEIELLPTNDKKKWARPPISMNFEVPFAPSGLKVRYLKVFEPKLNYSDHDVIKWVRYIGRSGIYETRC,3.1622776601683795,,,,nM,WO-2008002602-A1,atropine,M1 receptor
,QZUDBNBUXVUHMW-UHFFFAOYSA-N,MIGGLFIYNHKGEVLISRVYRDDIGRNAVDAFRVNVIHARQQVRSPVTNIARTSFFHVKRSNIWLAAVTKQNVNAAMVFEFLYKMCDVMAAYFGKISEENIKNNFVLIYELLDEILDFGYPQNSETGALKTFITQQGIKSQHQTKEEQSQITSQVTGQIGWRREGIKYRRNELFLDVLESVNLLMSPQGQVLSAHVSGRVVMKSYLSGMPECKFGMNDKIVIEKQGKGTADETSKSGKQSIAIDDCTFHQCVRLSKFDSERSISFIPPDGEFELMRYRTTKDIILPFRVIPLVREVGRTKLEVKVVIKSNFKPSLLAQKIEVRIPTPLNTSGVQVICMKGKAKYKASENAIVWKIKRMAGMKESQISAEIELLPTNDKKKWARPPISMNFEVPFAPSGLKVRYLKVFEPKLNYSDHDVIKWVRYIGRSGIYETRC,79.43282347242823,,,,nM,WO-2008002602-A1,clozapine,M1 receptor
,RKUNBYITZUJHSG-PJPHBNEVSA-N,MIGGLFIYNHKGEVLISRVYRDDIGRNAVDAFRVNVIHARQQVRSPVTNIARTSFFHVKRSNIWLAAVTKQNVNAAMVFEFLYKMCDVMAAYFGKISEENIKNNFVLIYELLDEILDFGYPQNSETGALKTFITQQGIKSQHQTKEEQSQITSQVTGQIGWRREGIKYRRNELFLDVLESVNLLMSPQGQVLSAHVSGRVVMKSYLSGMPECKFGMNDKIVIEKQGKGTADETSKSGKQSIAIDDCTFHQCVRLSKFDSERSISFIPPDGEFELMRYRTTKDIILPFRVIPLVREVGRTKLEVKVVIKSNFKPSLLAQKIEVRIPTPLNTSGVQVICMKGKAKYKASENAIVWKIKRMAGMKESQISAEIELLPTNDKKKWARPPISMNFEVPFAPSGLKVRYLKVFEPKLNYSDHDVIKWVRYIGRSGIYETRC,3.981071705534969,,,,nM,WO-2008002602-A1,atropine,M1 receptor
,QZUDBNBUXVUHMW-UHFFFAOYSA-N,MIGGLFIYNHKGEVLISRVYRDDIGRNAVDAFRVNVIHARQQVRSPVTNIARTSFFHVKRSNIWLAAVTKQNVNAAMVFEFLYKMCDVMAAYFGKISEENIKNNFVLIYELLDEILDFGYPQNSETGALKTFITQQGIKSQHQTKEEQSQITSQVTGQIGWRREGIKYRRNELFLDVLESVNLLMSPQGQVLSAHVSGRVVMKSYLSGMPECKFGMNDKIVIEKQGKGTADETSKSGKQSIAIDDCTFHQCVRLSKFDSERSISFIPPDGEFELMRYRTTKDIILPFRVIPLVREVGRTKLEVKVVIKSNFKPSLLAQKIEVRIPTPLNTSGVQVICMKGKAKYKASENAIVWKIKRMAGMKESQISAEIELLPTNDKKKWARPPISMNFEVPFAPSGLKVRYLKVFEPKLNYSDHDVIKWVRYIGRSGIYETRC,25.11886431509582,,,,nM,WO-2008002602-A1,clozapine,M1 receptor
,QZUDBNBUXVUHMW-UHFFFAOYSA-N,YERLDLDVTSQTTGEEYFRFITLLRDYVSSGSFSNEIPLLRQSGGGVEAARFVLVELTNEGGDSITAAIDVTNLYVVAYQAGSQSYFLSGPGTHLFTGTTRSSLPFNGSYPDLEQYAGHRKQIPLGIDQLIQSVTALRFPGNTRTQARSILILIQMISEAARFNPILWRARQYINSGASFLPDVYMLELETSWGQQSTQVQQSTEGVFNNPIRLAIPGNFVTLTNVRDVIASLAIMLFVCGERPSSSDVRYWPLVIRPVIADDVTCSASEPTVRIVGRNGMNVDVRDDDFHDGNQIQLWPSKSNNDPNQLWTIKRDGTIRSNGSCLTTYGYTAGVYVMIFDCNTAVREATIWQIWGNGTIINPRSNLALAASSGIKGTTLTVQTLDYTLGQGWLAGNDTAPREVTIYGFNDLCMESNGGSVWVETCVSQQNDRWALYGDGSIRPEQNQDQCLTSGRDSVAGINIVSCSGGSSGQRWVFTNEGAILNLKNGLAMDVANPGLGQIIIYPATGKPNQMWLPVP,,,,63.09573444801929,nM,WO-2008002602-A1,clozapine,human Ml receptors
,JNNOSTQEZICQQP-UHFFFAOYSA-N,YERLDLDVTSQTTGEEYFRFITLLRDYVSSGSFSNEIPLLRQSGGGVEAARFVLVELTNEGGDSITAAIDVTNLYVVAYQAGSQSYFLSGPGTHLFTGTTRSSLPFNGSYPDLEQYAGHRKQIPLGIDQLIQSVTALRFPGNTRTQARSILILIQMISEAARFNPILWRARQYINSGASFLPDVYMLELETSWGQQSTQVQQSTEGVFNNPIRLAIPGNFVTLTNVRDVIASLAIMLFVCGERPSSSDVRYWPLVIRPVIADDVTCSASEPTVRIVGRNGMNVDVRDDDFHDGNQIQLWPSKSNNDPNQLWTIKRDGTIRSNGSCLTTYGYTAGVYVMIFDCNTAVREATIWQIWGNGTIINPRSNLALAASSGIKGTTLTVQTLDYTLGQGWLAGNDTAPREVTIYGFNDLCMESNGGSVWVETCVSQQNDRWALYGDGSIRPEQNQDQCLTSGRDSVAGINIVSCSGGSSGQRWVFTNEGAILNLKNGLAMDVANPGLGQIIIYPATGKPNQMWLPVP,,,,100.0,nM,WO-2008002602-A1,NDMC,Ml receptors
,OGUCZBIQSYYWEF-UHFFFAOYSA-N,MQLLASLVSLLLVLYSVRAAAVLPLEERNPAQSRELSKERKELILKLISGLLDGVDNSVLAGEIAPVPLDVEEPLESRLEERAVYNRLSQLPQRDRKAPCKNFFWKTFTSC,1000.0,,,,nM,WO-2008002602-A1,clozapine-N-oxide,human monoaminergic receptors
,HAMNKKUPIHEESI-UHFFFAOYSA-N,MPALGWAVAAILMLQTAMAEPSPGTLPRKAGVFSDLSNQELKAVHSFLWSKKELRLQPSSTTTMAKNTVFLIEMLLPKKYHVLRFLDKGERHPVREARAVIFFGDQEHPNVTEFAVGPLPGPCYMRALSPRPGYQSSWASRPISTAEYALLYHTLQEATKPLHQFFLNTTGFSFQDCHDRCLAFTDVAPRGVASGQRRSWLIIQRYVEGYFLHPTGLELLVDHGSTDAGHWAVEQVWYNGKFYGSPEELARKYADGEVDVVVLEDPLPGGKGHDSTEEPPLFSSHKPRGDFPSPIHVSGPRLVQPHGPRFRLEGNAVLYGGWSFAFRLRSSSGLQVLNVHFGGERIAYEVSVQEAVALYGGHTPAGMQTKYLDVGWGLGSVTHELAPGIDCPETATFLDTFHYYDADDPVHYPRALCLFEMPTGVPLRRHFNSNFKGGFNFYAGLKGQVLVLRTTSTVYNYDYIWDFIFYPNGVMEAKMHATGYVHATFYTPEGLRHGTRLHTHLIGNIHTHLVHYRVDLDVAGTKNSFQTLQMKLENITNPWSPRHRVVQPTLEQTQYSWERQAAFRFKRKLPKYLLFTSPQENPWGHKRTYRLQIHSMADQVLPPGWQEEQAITWARYPLAVTKYRESELCSSSIYHQNDPWHPPVVFEQFLHNNENIENEDLVAWVTVGFLHIPHSEDIPNTATPGNSVGFLLRPFNFFPEDPSLASRDTVIVWPRDNGPNYVQRWIPEDRDCSMPPPFSYNGTYRPV,,12.5,,,nM,US-20070293548-A1,aminoguanidine,diamine oxidase
,UIWYJDYFSGRHKR-UHFFFAOYSA-N,MEPLPGWGSAPWSQAPTDNTFRLVPCVFLLNLLQRISAQPSCRQEEFLVGDECCPMCNPGYHVKQVCSEHTGTVCAPCPPQTYTAHANGLSKCLPCGVCDPDMGLLTWQECSSWKDTVCRCIPGYFCENQDGSHCSTCLQHTTCPPGQRVEKRGTHDQDTVCADCLTGTFSLGGTQEECLPWTNCSAFQQEVRRGTNSTDTTCSSQVVYYVVSILLPLVIVGAGIAGFLICTRRHLHTSSVAKELEPFQEQQENTIRFPVTEVGFAETEEETASN,,,250.0,,nM,EP-1833848-A2,gD,mouse HVEM
,MAXQBMZDVBHSLW-KNVOCYPGSA-N,MERAVKENHKPSNVKIFHPMTEGAKRIPVNQPQSTQFRPPGTAVSAQRILGPSNVPQRVLAQAQKPILSSQKPTTQIPLRPATQGHQSSKPQGPNENRNPQQTSHSSTPNVEKKGSTDQGKTSAVPKEEGKKKQWCLEDFEIGRPLGKGKFGNVYLARERESKFILALKVLFKSQLEKAGVEHQLRREVEIQSHLRHPNILRLYGYFHDASRVYLILDYAPGGELFRELQKCTRFDDQRSAMYIKQLAEALLYCHSKKVIHRDIKPENLLLGSNGELKIADFGWSVHAPSSRRTTLCGTLDYLPPEMIEGRMHDETVDLWSLGVLCYEFLVGKPPFETDTHQETYRRISKVEFQYPPYVSEEARDLVSKLLKHNPNHRLPLKGVLEHPWIIKNSQLKKKDEPLPGAQ,8.8,,,,nM,US-20140141099-A1,Compound 10,Aurora A
,MAXQBMZDVBHSLW-KNVOCYPGSA-N,MERAVKENHKPSNVKVFHPMTEGPKRIPVSQPPSTQVRPPVTGVSAQRILGPSNVPQRVMMQAQKPVLSNQKPTAQGLLRPATHGHQTSKPQGPNENRNPQQTSHSSTPNMEKKGSTDQGKTLAVPKEEGKKKQWCLEDFEIGRPLGKGKFGNVYLARERESKFILALKVLFKSQLEKAGVEHQLRREVEIQSHLRHPNILRLYGYFHDACRVYLILDYAPGGELFRELQKCTRFDDQRSALYIKQLAEALLYCHSKKVIHRDIKPENLLLGSNGELKIADFGWSVHAPSSRRTTLCGTLDYLPPEMIEGRMHDEKVDLWSLGVLCYEFLVGKPPFETDTHQETYRRISKVEFQYPPYVSEEAKDLVSKLLKHNPNHRLPLKGVLEHPWIVKNSQQPKKKDEPLAGAQ,34.5,,,,nM,US-20140141099-A1,Compound 10,Aurora B
,WZJFKVHMXBGZBQ-PMACEKPBSA-N,MERAVKENHKPSNVKIFHPMTEGAKRIPVNQPQSTQFRPPGTAVSAQRILGPSNVPQRVLAQAQKPILSSQKPTTQIPLRPATQGHQSSKPQGPNENRNPQQTSHSSTPNVEKKGSTDQGKTSAVPKEEGKKKQWCLEDFEIGRPLGKGKFGNVYLARERESKFILALKVLFKSQLEKAGVEHQLRREVEIQSHLRHPNILRLYGYFHDASRVYLILDYAPGGELFRELQKCTRFDDQRSAMYIKQLAEALLYCHSKKVIHRDIKPENLLLGSNGELKIADFGWSVHAPSSRRTTLCGTLDYLPPEMIEGRMHDETVDLWSLGVLCYEFLVGKPPFETDTHQETYRRISKVEFQYPPYVSEEARDLVSKLLKHNPNHRLPLKGVLEHPWIIKNSQLKKKDEPLPGAQ,2.1,,,,nM,US-20140141099-A1,Compound 20,Aurora A
,ROAMQROZNBSUQS-UHFFFAOYSA-N,MERAVKENHKPSNVKVFHPMTEGPKRIPVSQPPSTQVRPPVTGVSAQRILGPSNVPQRVMMQAQKPVLSNQKPTAQGLLRPATHGHQTSKPQGPNENRNPQQTSHSSTPNMEKKGSTDQGKTLAVPKEEGKKKQWCLEDFEIGRPLGKGKFGNVYLARERESKFILALKVLFKSQLEKAGVEHQLRREVEIQSHLRHPNILRLYGYFHDACRVYLILDYAPGGELFRELQKCTRFDDQRSALYIKQLAEALLYCHSKKVIHRDIKPENLLLGSNGELKIADFGWSVHAPSSRRTTLCGTLDYLPPEMIEGRMHDEKVDLWSLGVLCYEFLVGKPPFETDTHQETYRRISKVEFQYPPYVSEEAKDLVSKLLKHNPNHRLPLKGVLEHPWIVKNSQQPKKKDEPLAGAQ,11.2,,,,nM,US-20140141099-A1,Compound 25,Aurora B
,MBCJUIJWPYUEBX-UHFFFAOYSA-N,MERAVKENHKPSNVKVFHPMTEGPKRIPVSQPPSTQVRPPVTGVSAQRILGPSNVPQRVMMQAQKPVLSNQKPTAQGLLRPATHGHQTSKPQGPNENRNPQQTSHSSTPNMEKKGSTDQGKTLAVPKEEGKKKQWCLEDFEIGRPLGKGKFGNVYLARERESKFILALKVLFKSQLEKAGVEHQLRREVEIQSHLRHPNILRLYGYFHDACRVYLILDYAPGGELFRELQKCTRFDDQRSALYIKQLAEALLYCHSKKVIHRDIKPENLLLGSNGELKIADFGWSVHAPSSRRTTLCGTLDYLPPEMIEGRMHDEKVDLWSLGVLCYEFLVGKPPFETDTHQETYRRISKVEFQYPPYVSEEAKDLVSKLLKHNPNHRLPLKGVLEHPWIVKNSQQPKKKDEPLAGAQ,22.2,,,,nM,US-20140141099-A1,Compound 26,Aurora B
,FMUGAZVOOIUFAT-UHFFFAOYSA-N,MERAVKENHKPSNVKIFHPMTEGAKRIPVNQPQSTQFRPPGTAVSAQRILGPSNVPQRVLAQAQKPILSSQKPTTQIPLRPATQGHQSSKPQGPNENRNPQQTSHSSTPNVEKKGSTDQGKTSAVPKEEGKKKQWCLEDFEIGRPLGKGKFGNVYLARERESKFILALKVLFKSQLEKAGVEHQLRREVEIQSHLRHPNILRLYGYFHDASRVYLILDYAPGGELFRELQKCTRFDDQRSAMYIKQLAEALLYCHSKKVIHRDIKPENLLLGSNGELKIADFGWSVHAPSSRRTTLCGTLDYLPPEMIEGRMHDETVDLWSLGVLCYEFLVGKPPFETDTHQETYRRISKVEFQYPPYVSEEARDLVSKLLKHNPNHRLPLKGVLEHPWIIKNSQLKKKDEPLPGAQ,14.7,,,,nM,US-20140141099-A1,Compound 23,Aurora A
,OCTNNAIBEKZOPK-BWLIDFMXSA-N,MERAVKENHKPSNVKIFHPMTEGAKRIPVNQPQSTQFRPPGTAVSAQRILGPSNVPQRVLAQAQKPILSSQKPTTQIPLRPATQGHQSSKPQGPNENRNPQQTSHSSTPNVEKKGSTDQGKTSAVPKEEGKKKQWCLEDFEIGRPLGKGKFGNVYLARERESKFILALKVLFKSQLEKAGVEHQLRREVEIQSHLRHPNILRLYGYFHDASRVYLILDYAPGGELFRELQKCTRFDDQRSAMYIKQLAEALLYCHSKKVIHRDIKPENLLLGSNGELKIADFGWSVHAPSSRRTTLCGTLDYLPPEMIEGRMHDETVDLWSLGVLCYEFLVGKPPFETDTHQETYRRISKVEFQYPPYVSEEARDLVSKLLKHNPNHRLPLKGVLEHPWIIKNSQLKKKDEPLPGAQ,97.60000000000001,,,,nM,US-20140141099-A1,Compound 5,Aurora A
,OCTNNAIBEKZOPK-BWLIDFMXSA-N,MERAVKENHKPSNVKIFHPMTEGAKRIPVNQPQSTQFRPPGTAVSAQRILGPSNVPQRVLAQAQKPILSSQKPTTQIPLRPATQGHQSSKPQGPNENRNPQQTSHSSTPNVEKKGSTDQGKTSAVPKEEGKKKQWCLEDFEIGRPLGKGKFGNVYLARERESKFILALKVLFKSQLEKAGVEHQLRREVEIQSHLRHPNILRLYGYFHDASRVYLILDYAPGGELFRELQKCTRFDDQRSAMYIKQLAEALLYCHSKKVIHRDIKPENLLLGSNGELKIADFGWSVHAPSSRRTTLCGTLDYLPPEMIEGRMHDETVDLWSLGVLCYEFLVGKPPFETDTHQETYRRISKVEFQYPPYVSEEARDLVSKLLKHNPNHRLPLKGVLEHPWIIKNSQLKKKDEPLPGAQ,59.7,,,,nM,US-20140141099-A1,Compound 5,Aurora A
,OCTNNAIBEKZOPK-BWLIDFMXSA-N,MERAVKENHKPSNVKIFHPMTEGAKRIPVNQPQSTQFRPPGTAVSAQRILGPSNVPQRVLAQAQKPILSSQKPTTQIPLRPATQGHQSSKPQGPNENRNPQQTSHSSTPNVEKKGSTDQGKTSAVPKEEGKKKQWCLEDFEIGRPLGKGKFGNVYLARERESKFILALKVLFKSQLEKAGVEHQLRREVEIQSHLRHPNILRLYGYFHDASRVYLILDYAPGGELFRELQKCTRFDDQRSAMYIKQLAEALLYCHSKKVIHRDIKPENLLLGSNGELKIADFGWSVHAPSSRRTTLCGTLDYLPPEMIEGRMHDETVDLWSLGVLCYEFLVGKPPFETDTHQETYRRISKVEFQYPPYVSEEARDLVSKLLKHNPNHRLPLKGVLEHPWIIKNSQLKKKDEPLPGAQ,14.5,,,,nM,US-20140141099-A1,Compound 5,Aurora A
,OCTNNAIBEKZOPK-BWLIDFMXSA-N,MERAVKENHKPSNVKVFHPMTEGPKRIPVSQPPSTQVRPPVTGVSAQRILGPSNVPQRVMMQAQKPVLSNQKPTAQGLLRPATHGHQTSKPQGPNENRNPQQTSHSSTPNMEKKGSTDQGKTLAVPKEEGKKKQWCLEDFEIGRPLGKGKFGNVYLARERESKFILALKVLFKSQLEKAGVEHQLRREVEIQSHLRHPNILRLYGYFHDACRVYLILDYAPGGELFRELQKCTRFDDQRSALYIKQLAEALLYCHSKKVIHRDIKPENLLLGSNGELKIADFGWSVHAPSSRRTTLCGTLDYLPPEMIEGRMHDEKVDLWSLGVLCYEFLVGKPPFETDTHQETYRRISKVEFQYPPYVSEEAKDLVSKLLKHNPNHRLPLKGVLEHPWIVKNSQQPKKKDEPLAGAQ,4.5,,,,nM,US-20140141099-A1,Compound 5,Aurora B
,XIVUGRBSBIXXJE-UHFFFAOYSA-N,MERAVKENHKPSNVKVFHPMTEGPKRIPVSQPPSTQVRPPVTGVSAQRILGPSNVPQRVMMQAQKPVLSNQKPTAQGLLRPATHGHQTSKPQGPNENRNPQQTSHSSTPNMEKKGSTDQGKTLAVPKEEGKKKQWCLEDFEIGRPLGKGKFGNVYLARERESKFILALKVLFKSQLEKAGVEHQLRREVEIQSHLRHPNILRLYGYFHDACRVYLILDYAPGGELFRELQKCTRFDDQRSALYIKQLAEALLYCHSKKVIHRDIKPENLLLGSNGELKIADFGWSVHAPSSRRTTLCGTLDYLPPEMIEGRMHDEKVDLWSLGVLCYEFLVGKPPFETDTHQETYRRISKVEFQYPPYVSEEAKDLVSKLLKHNPNHRLPLKGVLEHPWIVKNSQQPKKKDEPLAGAQ,5.2,,,,nM,US-20140141099-A1,Compound 8,Aurora B
,SOEIDCOJJGHLKZ-UHFFFAOYSA-N,MERAVKENHKPSNVKVFHPMTEGPKRIPVSQPPSTQVRPPVTGVSAQRILGPSNVPQRVMMQAQKPVLSNQKPTAQGLLRPATHGHQTSKPQGPNENRNPQQTSHSSTPNMEKKGSTDQGKTLAVPKEEGKKKQWCLEDFEIGRPLGKGKFGNVYLARERESKFILALKVLFKSQLEKAGVEHQLRREVEIQSHLRHPNILRLYGYFHDACRVYLILDYAPGGELFRELQKCTRFDDQRSALYIKQLAEALLYCHSKKVIHRDIKPENLLLGSNGELKIADFGWSVHAPSSRRTTLCGTLDYLPPEMIEGRMHDEKVDLWSLGVLCYEFLVGKPPFETDTHQETYRRISKVEFQYPPYVSEEAKDLVSKLLKHNPNHRLPLKGVLEHPWIVKNSQQPKKKDEPLAGAQ,61.199999999999996,,,,nM,US-20140141099-A1,Compound 24,Aurora B
,OCTNNAIBEKZOPK-BWLIDFMXSA-N,MERAVKENHKPSNVKIFHPMTEGAKRIPVNQPQSTQFRPPGTAVSAQRILGPSNVPQRVLAQAQKPILSSQKPTTQIPLRPATQGHQSSKPQGPNENRNPQQTSHSSTPNVEKKGSTDQGKTSAVPKEEGKKKQWCLEDFEIGRPLGKGKFGNVYLARERESKFILALKVLFKSQLEKAGVEHQLRREVEIQSHLRHPNILRLYGYFHDASRVYLILDYAPGGELFRELQKCTRFDDQRSAMYIKQLAEALLYCHSKKVIHRDIKPENLLLGSNGELKIADFGWSVHAPSSRRTTLCGTLDYLPPEMIEGRMHDETVDLWSLGVLCYEFLVGKPPFETDTHQETYRRISKVEFQYPPYVSEEARDLVSKLLKHNPNHRLPLKGVLEHPWIIKNSQLKKKDEPLPGAQ,0.3,,,,nM,US-20140141099-A1,Compound 5,Aurora A
,OCTNNAIBEKZOPK-BWLIDFMXSA-N,MERAVKENHKPSNVKIFHPMTEGAKRIPVNQPQSTQFRPPGTAVSAQRILGPSNVPQRVLAQAQKPILSSQKPTTQIPLRPATQGHQSSKPQGPNENRNPQQTSHSSTPNVEKKGSTDQGKTSAVPKEEGKKKQWCLEDFEIGRPLGKGKFGNVYLARERESKFILALKVLFKSQLEKAGVEHQLRREVEIQSHLRHPNILRLYGYFHDASRVYLILDYAPGGELFRELQKCTRFDDQRSAMYIKQLAEALLYCHSKKVIHRDIKPENLLLGSNGELKIADFGWSVHAPSSRRTTLCGTLDYLPPEMIEGRMHDETVDLWSLGVLCYEFLVGKPPFETDTHQETYRRISKVEFQYPPYVSEEARDLVSKLLKHNPNHRLPLKGVLEHPWIIKNSQLKKKDEPLPGAQ,1.3,,,,nM,US-20140141099-A1,Compound 5,Aurora A
,OJHMDRZMENMQFP-UHFFFAOYSA-N,MERAVKENHKPSNVKIFHPMTEGAKRIPVNQPQSTQFRPPGTAVSAQRILGPSNVPQRVLAQAQKPILSSQKPTTQIPLRPATQGHQSSKPQGPNENRNPQQTSHSSTPNVEKKGSTDQGKTSAVPKEEGKKKQWCLEDFEIGRPLGKGKFGNVYLARERESKFILALKVLFKSQLEKAGVEHQLRREVEIQSHLRHPNILRLYGYFHDASRVYLILDYAPGGELFRELQKCTRFDDQRSAMYIKQLAEALLYCHSKKVIHRDIKPENLLLGSNGELKIADFGWSVHAPSSRRTTLCGTLDYLPPEMIEGRMHDETVDLWSLGVLCYEFLVGKPPFETDTHQETYRRISKVEFQYPPYVSEEARDLVSKLLKHNPNHRLPLKGVLEHPWIIKNSQLKKKDEPLPGAQ,0.6,,,,nM,US-20140141099-A1,Compound 7,Aurora A
,OCTNNAIBEKZOPK-BWLIDFMXSA-N,MERAVKENHKPSNVKIFHPMTEGAKRIPVNQPQSTQFRPPGTAVSAQRILGPSNVPQRVLAQAQKPILSSQKPTTQIPLRPATQGHQSSKPQGPNENRNPQQTSHSSTPNVEKKGSTDQGKTSAVPKEEGKKKQWCLEDFEIGRPLGKGKFGNVYLARERESKFILALKVLFKSQLEKAGVEHQLRREVEIQSHLRHPNILRLYGYFHDASRVYLILDYAPGGELFRELQKCTRFDDQRSAMYIKQLAEALLYCHSKKVIHRDIKPENLLLGSNGELKIADFGWSVHAPSSRRTTLCGTLDYLPPEMIEGRMHDETVDLWSLGVLCYEFLVGKPPFETDTHQETYRRISKVEFQYPPYVSEEARDLVSKLLKHNPNHRLPLKGVLEHPWIIKNSQLKKKDEPLPGAQ,1.1,,,,nM,US-20140141099-A1,Compound 5,Aurora A
,VVCMGAUPZIKYTH-VGHSCWAPSA-N,MERAVKENHKPSNVKIFHPMTEGAKRIPVNQPQSTQFRPPGTAVSAQRILGPSNVPQRVLAQAQKPILSSQKPTTQIPLRPATQGHQSSKPQGPNENRNPQQTSHSSTPNVEKKGSTDQGKTSAVPKEEGKKKQWCLEDFEIGRPLGKGKFGNVYLARERESKFILALKVLFKSQLEKAGVEHQLRREVEIQSHLRHPNILRLYGYFHDASRVYLILDYAPGGELFRELQKCTRFDDQRSAMYIKQLAEALLYCHSKKVIHRDIKPENLLLGSNGELKIADFGWSVHAPSSRRTTLCGTLDYLPPEMIEGRMHDETVDLWSLGVLCYEFLVGKPPFETDTHQETYRRISKVEFQYPPYVSEEARDLVSKLLKHNPNHRLPLKGVLEHPWIIKNSQLKKKDEPLPGAQ,0.8,,,,nM,US-20140141099-A1,Compound 65,Aurora A
,OCTNNAIBEKZOPK-BWLIDFMXSA-N,MERAVKENHKPSNVKIFHPMTEGAKRIPVNQPQSTQFRPPGTAVSAQRILGPSNVPQRVLAQAQKPILSSQKPTTQIPLRPATQGHQSSKPQGPNENRNPQQTSHSSTPNVEKKGSTDQGKTSAVPKEEGKKKQWCLEDFEIGRPLGKGKFGNVYLARERESKFILALKVLFKSQLEKAGVEHQLRREVEIQSHLRHPNILRLYGYFHDASRVYLILDYAPGGELFRELQKCTRFDDQRSAMYIKQLAEALLYCHSKKVIHRDIKPENLLLGSNGELKIADFGWSVHAPSSRRTTLCGTLDYLPPEMIEGRMHDETVDLWSLGVLCYEFLVGKPPFETDTHQETYRRISKVEFQYPPYVSEEARDLVSKLLKHNPNHRLPLKGVLEHPWIIKNSQLKKKDEPLPGAQ,0.3,,,,nM,US-20140141099-A1,Compound 5,Aurora A
,OCTNNAIBEKZOPK-BWLIDFMXSA-N,MERAVKENHKPSNVKIFHPMTEGAKRIPVNQPQSTQFRPPGTAVSAQRILGPSNVPQRVLAQAQKPILSSQKPTTQIPLRPATQGHQSSKPQGPNENRNPQQTSHSSTPNVEKKGSTDQGKTSAVPKEEGKKKQWCLEDFEIGRPLGKGKFGNVYLARERESKFILALKVLFKSQLEKAGVEHQLRREVEIQSHLRHPNILRLYGYFHDASRVYLILDYAPGGELFRELQKCTRFDDQRSAMYIKQLAEALLYCHSKKVIHRDIKPENLLLGSNGELKIADFGWSVHAPSSRRTTLCGTLDYLPPEMIEGRMHDETVDLWSLGVLCYEFLVGKPPFETDTHQETYRRISKVEFQYPPYVSEEARDLVSKLLKHNPNHRLPLKGVLEHPWIIKNSQLKKKDEPLPGAQ,6.8,,,,nM,US-20140141099-A1,Compound 5,Aurora A
,OCTNNAIBEKZOPK-BWLIDFMXSA-N,MERAVKENHKPSNVKVFHPMTEGPKRIPVSQPPSTQVRPPVTGVSAQRILGPSNVPQRVMMQAQKPVLSNQKPTAQGLLRPATHGHQTSKPQGPNENRNPQQTSHSSTPNMEKKGSTDQGKTLAVPKEEGKKKQWCLEDFEIGRPLGKGKFGNVYLARERESKFILALKVLFKSQLEKAGVEHQLRREVEIQSHLRHPNILRLYGYFHDACRVYLILDYAPGGELFRELQKCTRFDDQRSALYIKQLAEALLYCHSKKVIHRDIKPENLLLGSNGELKIADFGWSVHAPSSRRTTLCGTLDYLPPEMIEGRMHDEKVDLWSLGVLCYEFLVGKPPFETDTHQETYRRISKVEFQYPPYVSEEAKDLVSKLLKHNPNHRLPLKGVLEHPWIVKNSQQPKKKDEPLAGAQ,64.3,,,,nM,US-20140141099-A1,Compound 5,Aurora B
,DIDJTOBWBNSVKL-SSDOTTSWSA-N,MERAVKENHKPSNVKVFHPMTEGPKRIPVSQPPSTQVRPPVTGVSAQRILGPSNVPQRVMMQAQKPVLSNQKPTAQGLLRPATHGHQTSKPQGPNENRNPQQTSHSSTPNMEKKGSTDQGKTLAVPKEEGKKKQWCLEDFEIGRPLGKGKFGNVYLARERESKFILALKVLFKSQLEKAGVEHQLRREVEIQSHLRHPNILRLYGYFHDACRVYLILDYAPGGELFRELQKCTRFDDQRSALYIKQLAEALLYCHSKKVIHRDIKPENLLLGSNGELKIADFGWSVHAPSSRRTTLCGTLDYLPPEMIEGRMHDEKVDLWSLGVLCYEFLVGKPPFETDTHQETYRRISKVEFQYPPYVSEEAKDLVSKLLKHNPNHRLPLKGVLEHPWIVKNSQQPKKKDEPLAGAQ,51.3,,,,nM,US-20140141099-A1,Compound 3,Aurora B
,RCEFMOGVOYEGJN-UHFFFAOYSA-N,MSFRAARLSMRNRRNDTLDSTRTLYSSASRSTDLSYSESDLVNFIQANFKKRECVFFTKDSKATENVCKCGYAQSQHMEGTQINQSEKWNYKKHTKEFPTDAFGDIQFETLGKKGKYIRLSCDTDAEILYELLTQHWHLKTPNLVISVTGGAKNFALKPRMRKIFSRLIYIAQSKGAWILTGGTHYGLMKYIGEVVRDNTISRSSEENIVAIGIAAWGMVSNRDTLIRNCDAEGYFLAQYLMDDFTRDPLYILDNNHTHLLLVDNGCHGHPTVEAKLRNQLEKYISERTIQDSNYGGKIPIVCFAQGGGKETLKAINTSIKNKIPCVVVEGSGQIADVIASLVEVEDALTSSAVKEKLVRFLPRTVSRLPEEETESWIKWLKEILECSHLLTVIKMEEAGDEIVSNAISYALYKAFSTSEQDKDNWNGQLKLLLEWNQLDLANDEIFTNDRRWESADLQEVMFTALIKDRPKFVRLFLENGLNLRKFLTHDVLTELFSNHFSTLVYRNLQIAKNSYNDALLTFVWKLVANFRRGFRKEDRNGRDEMDIELHDVSPITRHPLQALFIWAILQNKKELSKVIWEQTRGCTLAALGASKLLKTLAKVKNDINAAGESEELANEYETRAVELFTECYSSDEDLAEQLLVYSCEAWGGSNCLELAVEATDQHFIAQPGVQNFLSKQWYGEISRDTKNWKIILCLFIIPLVGCGFVSFRKKPVDKHKKLLWYYVAFFTSPFVVFSWNVVFYIAFLLLFAYVLLMDFHSVPHPPELVLYSLVFVLFCDEVRQWYVNGVNYFTDLWNVMDTLGLFYFIAGIVFRLHSSNKSSLYSGRVIFCLDYIIFTLRLIHIFTVSRNLGPKIIMLQRMLIDVFFFLFLFAVWMVAFGVARQGILRQNEQRWRWIFRSVIYEPYLAMFGQVPSDVDGTTYDFAHCTFTGNESKPLCVELDEHNLPRFPEWITIPLVCIYMLSTNILLVNLLVAMFGYTVGTVQENNDQVWKFQRYFLVQEYCSRLNIPFPFIVFAYFYMVVKKCFKCCCKEKNMESSVCCFKNEDNETLAWEGVMKENYLVKINTKANDTSEEMRHRFRQLDTKLNDLKGLLKEIANKIK,,,,200.0,nM,EP-2029614-A2,Icilin,TRPM8
,QJJXYPPXXYFBGM-LFZNUXCKSA-N,MIRIAALNASSTIEDDHEGSFKSHKTQTKEAQEAEAFALYHKALDLQKHDRFEESAKAYHELLEASLLREAVSSGDEKEGLKHPGLILKYSTYKNLAQLAAQREDLETAMEFYLEAVMLDSTDVNLWYKIGHVALRLIRIPLARHAFEEGLRCNPDHWPCLDNLITVLYTLSDYTTCLYFICKALEKDCRYSKGLVLKEKIFEEQPCLRKDSLRMFLKCDMSIHDVSVSAAETQAIVDEALGLRKKRQALIVREKEPDLKLVQPIPFFTWKCLGESLLAMYNHLTTCEPPRPSLGKRIDLSDYQDPSQPLESSMVVTPVNVIQPSTVSTNPAVAVAEPVVSYTSVATTSFPLHSPGLLETGAPVGDISGGDKSKKGVKRKKISEESGETAKRRSARVRNTKCKKEEKVDFQELLMKFLPSRLRKLDPEEEDDSFNNYEVQSEAKLESFPSIGPQRLSFDSATFMESEKQDVHEFLLENLTNGGILELMMRYLKAMGHKFLVRWPPGLAEVVLSVYHSWRRHSTSLPNPLLRDCSNKHIKDMMLMSLSCMELQLDQWLLTKGRSSAVSPRNCPAGMVNGRFGPDFPGTHCLGDLLQLSFASSQRDLFEDGWLEFVVRVYWLKARFLALQGDMEQALENYDICTEMLQSSTAIQVEAGAERRDIVIRLPNLHNDSVVSLEEIDKNLKSLERCQSLEEIQRLYEAGDYKAVVHLLRPTLCTSGFDRAKHLEFMTSIPERPAQLLLLQDSLLRLKDYRQCFECSDVALNEAVQQMVNSGEAAAKEEWVATVTQLLMGIEQALSADSSGSILKVSSSTTGLVRLTNNLIQVIDCSMAVQEEAKEPHVSSVLPWIILHRIIWQEEDTFHSLCHQQQLQNPAEEGMSETPMLPSSLMLLNTAHEYLGRRSWCCNSDGALLRFYVRVLQKELAASTSEDTHPYKEELETALEQCFYCLYSFPSKKSKARYLEEHSAQQVDLIWEDALFMFEYFKPKTLPEFDSYKTSTVSADLANLLKRIATIVPRTERPALSLDKVSAYIEGTSTEVPCLPEGADPSPPVVNELYYLLADYHFKNKEQSKAIKFYMHDICICPNRFDSWAGMALARASRIQDKLNSNELKSDGPIWKHATPVLNCFRRALEIDSSNLSLWIEYGTMSYALHSFASRQLKQWRGELPPELVQQMEGRRDSMLETAKHCFTSAARCEGDGDEEEWLIHYMLGKVAEKQQQPPTVYLLHYRQAGHYLHEEAARYPKKIHYHNPPELAMEALEVYFRLHASILKLLGKPDSGVGAEVLVNFMKEAAEGPFARGEEKNTPKASEKEKACLVDEDSHSSAGTLPGPGASLPSSSGPGLTSPPYTATPIDHDYVKCKKPHQQATPDDRSQDSTAVALSDSSSTQDFFNEPTSLLEGSRKSYTEKRLPILSSQAGATGKDLQGATEERGKNEESLESTEGFRAAEQGVQKPAAETPASACIPGKPSASTPTLWDGKKRGDLPGEPVAFPQGLPAGAEEQRQFLTEQCIASFRLCLSRFPQHYKSLYRLAFLYTYSKTHRNLQWARDVLLGSSIPWQQLQHMPAQGLFCERNKTNFFNGIWRIPVDEIDRPGSFAWHMNRSIVLLLKVLAQLRDHSTLLKVSSMLQRTPDQGKKYLRDADRQVLAQRAFILTVKVLEDTLSELAEGSERPGPKVCGLPGARMTTDVSHKASPEDGQEGLPQPKKPPLADGSGPGPEPGGKVGLLNHRPVAMDAGDSADQSGERKDKESPRAGPTEPMDTSEATVCHSDLERTPPLLPGRPARDRGPESRPTELSLEELSISARQQPTPLTPAQPAPAPAPATTTGTRAGGHPEEPLSRLSRKRKLLEDTESGKTLLLDAYRVWQQGQKGVAYDLGRVERIMSETYMLIKQVDEEAALEQAVKFCQVHLGAAAQRQASGDTPTTPKHPKDSRENFFPVTVVPTAPDPVPADSVQRPSDAHTKPRPALAAATTIITCPPSASASTLDQSKDPGPPRPHRPEATPSMASLGPEGEELARVAEGTSFPPQEPRHSPQVKMAPTSSPAEPHCWPAEAALGTGAEPTCSQEGKLRPEPRRDGEAQEAASETQPLSSPPTAASSKAPSSGSAQPPEGHPGKPEPSRAKSRPLPNMPKLVIPSAATKFPPEITVTPPTPTLLSPKGSISEETKQKLKSAILSAQSAANVRKESLCQPALEVLETSSQESSLESETDEDDDYMDI,,,,0.34,nM,WO-2021127743-A1,Tacrolimus,calcineurin
,KDDPNNXAZURUGP-UHFFFAOYSA-N,MQSKVLLAVALWLCVETRAASVGLPSVSLDLPRLSIQKDILTIKANTTLQITCRGQRDLDWLWPNNQSGSEQRVEVTECSDGLFCKTLTIPKVIGNDTGAYKCFYRETDLASVIYVYVQDYRSPFIASVSDQHGVVYITENKNKTVVIPCLGSISNLNVSLCARYPEKRFVPDGNRISWDSKKGFTIPSYMISYAGMVFCEAKINDESYQSIMYIVVVVGYRIYDVVLSPSHGIELSVGEKLVLNCTARTELNVGIDFNWEYPSSKHQHKKLVNRDLKTQSGSEMKKFLSTLTIDGVTRSDQGLYTCAASSGLMTKKNSTFVRVHEKPFVAFGSGMESLVEATVGERVRIPAKYLGYPPPEIKWYKNGIPLESNHTIKAGHVLTIMEVSERDTGNYTVILTNPISKEKQSHVVSLVVYVPPQIGEKSLISPVDSYQYGTTQTLTCTVYAIPPPHHIHWYWQLEEECANEPSQAVSVTNPYPCEEWRSVEDFQGGNKIEVNKNQFALIEGKNKTVSTLVIQAANVSALYKCEAVNKVGRGERVISFHVTRGPEITLQPDMQPTEQESVSLWCTADRSTFENLTWYKLGPQPLPIHVGELPTPVCKNLDTLWKLNATMFSNSTNDILIMELKNASLQDQGDYVCLAQDRKTKKRHCVVRQLTVLERVAPTITGNLENQTTSIGESIEVSCTASGNPPPQIMWFKDNETLVEDSGIVLKDGNRNLTIRRVRKEDEGLYTCQACSVLGCAKVEAFFIIEGAQEKTNLEIIILVGTAVIAMFFWLLLVIILRTVKRANGGELKTGYLSIVMDPDELPLDEHCERLPYDASKWEFPRDRLKLGKPLGRGAFGQVIEADAFGIDKTATCRTVAVKMLKEGATHSEHRALMSELKILIHIGHHLNVVNLLGACTKPGGPLMVIVEFCKFGNLSTYLRSKRNEFVPYKTKGARFRQGKDYVGAIPVDLKRRLDSITSSQSSASSGFVEEKSLSDVEEEEAPEDLYKDFLTLEHLICYSFQVAKGMEFLASRKCIHRDLAARNILLSEKNVVKICDFGLARDIYKDPDYVRKGDARLPLKWMAPETIFDRVYTIQSDVWSFGVLLWEIFSLGASPYPGVKIDEEFCRRLKEGTRMRAPDYTTPEMYQTMLDCWHGEPSQRPTFSELVEHLGNLLQANAQQDGKDYIVLPISETLSMEEDSGLSLPTSPVSCMEEEEVCDPKFHYDNTAGISQYLQNSKRKSRPVSVKTFEDIPLEEPEVKVIPDDNQTDSGMVLASEELKTLEDRTKLSPSFGGMVPSKSRESVASEGSNQTSGYQSGYHSDDTDTTVYSSEEAELLKLIEIGVQTGSTAQILQPDSGTTLSSPPV,,110.0,,,nM,US-7105529-B2,Example 29,VEGFR2
,KDDPNNXAZURUGP-UHFFFAOYSA-N,MENFQKVEKIGEGTYGVVYKAKNKLTGEVVALKKIRLDTETEGVPSTAIREISLLKELNHPNIVKLLDVIHTENKLYLVFEFLHQDLKKFMDASALTGIPLPLIKSYLFQLLQGLAFCHSHRVLHRDLKPQNLLINAEGSIKLADFGLARAFGVPVRTYTHEVVTLWYRAPEILLGCKYYSTAVDIWSLGCIFAEMHLVCTQHHAKCCGEHRRNGRHSLCPLCSYLEVAASQGGGMTAVSAPHPVTRRALFPGDSEIDQLFRIFRTLGTPDEVVWPGVTSMPDYKPSFPKWARQDFSKVVPPLDEDGRSLLSQMLHYDPNKRISAKAALAHPFFQDVTKPVPHLRL,,110.0,,,nM,US-7105529-B2,Example 29,CDK2
,KDDPNNXAZURUGP-UHFFFAOYSA-N,MCLLDSCTALLLLGCWMSGSAVRISDVTLVNPDPVVSPLTAPSLLCVSSDWSSGGSVLALGQEFPRPQGSVLALGQEFPHTEPRPHPAAATVTWSSRSHAFGAFYCQIRNSTGRKIYTYKMLQEAAFLPESLTITVNQGENINISYSRRLYSPEDTVIHKNGHFEHSSPKEDISDIIHYPVTNAKAESHAGIYAIRYISAAPSSAAITRLIVRSCRAGFWGPNCTESCPRCANGGVCDDTTGECVCPPGFRGHTCDIVCGEGRFGAGCKERCVDGVCRALVFCLRDPYGCSCASGWRGLSCNDACPDGYYGAGCTQKCVCAKGRCDRFRGCVCAGRHGSRCEEADSSPVISHLRDVEINTGVELSVNCSASGRPAPLHGDITLITANRTTIAAVDTHTLNDQSTSVFRVQQVRVSSAGRWRCQVNNTHMQVEDEFTVEVKVPPRPQNPPVLQGSGPRHLLLLLNTEPYSGDGPIATTTLLYRPASAHTWSSVTAHGPLVRLDNLYPMTQYLTQVQLSRPGPGGAGQAGPAATFSTQVLELPVGVKLSAVSQTALLLSWDIAPAEQHCTYEVSCLQAGAPGTLRTFQLPSNSSAMHLSDLKPRHKYQCTVRSSCGVGQNHPSASAWTLSDQLPPPPANISIWNISDTSAVLTWAVAEGESVSRAVIRFQQVEQAQYRQQVELPVQTQQLHMRFQLLGLRPNTGYQLQLWTVNNMGESAESPPVSLMTLPQQESSALFAAHGHLLLYAILGSAGMTCCTVLLAFCIVLQLKRNTLQRRIHSILREEPAVHFSSAPPPHRRSAVVSRSLVFPALQWSDIQFQDVLGEGNFGQVLKARIRKDGLRMDAAVKRMKDYASQDDHRDFAGELEVLCRLGPHKNIIHLLGACEHRGYLYLAIEFAPHGNLLDFLRKSRVLETDPAFAIAHRTASTLSSQQLLAFSADVARGMSYLSQKQFIHRDLAARNVLVGENFVAKIADFGLSRGQEVYVKKTMGRLPVRWMAIESLNYSVYTTNSDVWSYGVLLWEVVSLGGTPYCGMTCAELYEKLPLGFRLEKPLNCDDEVYELMQQCWREKPFERPSFSQILLSLGRMLEERKTYVNTTLYEKFTYAGIDCSAEEAG,,110.0,,,nM,US-7105529-B2,Example 29,Tie-2
,KDDPNNXAZURUGP-UHFFFAOYSA-N,MGPGVLLLLLVATAWHGQGIPVIEPSVPELVVKPGATVTLRCVGNGSVEWDGPPSPHWTLYSDGSSSILSTNNATFQNTGTYRCTEPGDPLGGSAAIHLYVKDPARPWNVLAQEVVVFEDQDALLPCLLTDPVLEAGVSLVRVRGRPLMRHTNYSFSPWHGFTIHRAKFIQSQDYQCSALMGGRKVMSISIRLKVQKVIPGPPALTLVPAELVRIRGEAAQIVCSASSVDVNFDVFLQHNNTKLAIPQQSDFHNNRYQKVLTLNLDQVDFQHAGNYSCVASNVQGKHSTSMFFRVVESAYLNLSSEQNLIQEVTVGEGLNLKVMVEAYPGLQGFNWTYLGPFSDHQPEPKLANATTKDTYRHTFTLSLPRLKPSEAGRYSFLARNPGGWRALTFELTLRYPPEVSVIWTFINGSGTLLCAASGYPQPNVTWLQCSGHTDRCDEAQVLQVWDDPYPEVLSQEPFHKVTVQSLLTVETLEHNQTYECRAHNSVGSGSWAFIPISAGAHTHPPDEFLFTPVVVACMSIMALLLLLLLLLLYKYKQKPKYQVRWKIIESYEGNSYTFIDPTQLPYNEKWEFPRNNLQFGKTLGAGAFGKVVEATAFGLGKEDAVLKVAVKMLKSTAHADEKEALMSELKIMSHLGQHENIVNLLGACTHGGPVLVITEYCCYGDLLNFLRRKAEAMLGPSLSPGQDPEGGVDYKNIHLEKKYVRRDSGFSSQGVDTYVEMRPVSTSSNDSFSEQDLDKEDGRPLELRDLLHFSSQVAQGMAFLASKNCIHRDVAARNVLLTNGHVAKIGDFGLARDIMNDSNYIVKGNARLPVKWMAPESIFDCVYTVQSDVWSYGILLWEIFSLGLNPYPGILVNSKFYKLVKDGYQMAQPAFAPKNIYSIMQACWALEPTHRPTFQQICSFLQEQAQEDRRERDYTNLPSSSRSGGSGSSSSELEEESSSEHLTCCEQGDIAQPLLQPNNYQFC,,1150.0,,,nM,US-7105529-B2,Example 29,c-fms
,BWSQKOKULIALEW-UHFFFAOYSA-N,MQSKVLLAVALWLCVETRAASVGLPSVSLDLPRLSIQKDILTIKANTTLQITCRGQRDLDWLWPNNQSGSEQRVEVTECSDGLFCKTLTIPKVIGNDTGAYKCFYRETDLASVIYVYVQDYRSPFIASVSDQHGVVYITENKNKTVVIPCLGSISNLNVSLCARYPEKRFVPDGNRISWDSKKGFTIPSYMISYAGMVFCEAKINDESYQSIMYIVVVVGYRIYDVVLSPSHGIELSVGEKLVLNCTARTELNVGIDFNWEYPSSKHQHKKLVNRDLKTQSGSEMKKFLSTLTIDGVTRSDQGLYTCAASSGLMTKKNSTFVRVHEKPFVAFGSGMESLVEATVGERVRIPAKYLGYPPPEIKWYKNGIPLESNHTIKAGHVLTIMEVSERDTGNYTVILTNPISKEKQSHVVSLVVYVPPQIGEKSLISPVDSYQYGTTQTLTCTVYAIPPPHHIHWYWQLEEECANEPSQAVSVTNPYPCEEWRSVEDFQGGNKIEVNKNQFALIEGKNKTVSTLVIQAANVSALYKCEAVNKVGRGERVISFHVTRGPEITLQPDMQPTEQESVSLWCTADRSTFENLTWYKLGPQPLPIHVGELPTPVCKNLDTLWKLNATMFSNSTNDILIMELKNASLQDQGDYVCLAQDRKTKKRHCVVRQLTVLERVAPTITGNLENQTTSIGESIEVSCTASGNPPPQIMWFKDNETLVEDSGIVLKDGNRNLTIRRVRKEDEGLYTCQACSVLGCAKVEAFFIIEGAQEKTNLEIIILVGTAVIAMFFWLLLVIILRTVKRANGGELKTGYLSIVMDPDELPLDEHCERLPYDASKWEFPRDRLKLGKPLGRGAFGQVIEADAFGIDKTATCRTVAVKMLKEGATHSEHRALMSELKILIHIGHHLNVVNLLGACTKPGGPLMVIVEFCKFGNLSTYLRSKRNEFVPYKTKGARFRQGKDYVGAIPVDLKRRLDSITSSQSSASSGFVEEKSLSDVEEEEAPEDLYKDFLTLEHLICYSFQVAKGMEFLASRKCIHRDLAARNILLSEKNVVKICDFGLARDIYKDPDYVRKGDARLPLKWMAPETIFDRVYTIQSDVWSFGVLLWEIFSLGASPYPGVKIDEEFCRRLKEGTRMRAPDYTTPEMYQTMLDCWHGEPSQRPTFSELVEHLGNLLQANAQQDGKDYIVLPISETLSMEEDSGLSLPTSPVSCMEEEEVCDPKFHYDNTAGISQYLQNSKRKSRPVSVKTFEDIPLEEPEVKVIPDDNQTDSGMVLASEELKTLEDRTKLSPSFGGMVPSKSRESVASEGSNQTSGYQSGYHSDDTDTTVYSSEEAELLKLIEIGVQTGSTAQILQPDSGTTLSSPPV,,110.0,,,nM,US-7105529-B2,Example 30,VEGFR2
,BWSQKOKULIALEW-UHFFFAOYSA-N,MENFQKVEKIGEGTYGVVYKAKNKLTGEVVALKKIRLDTETEGVPSTAIREISLLKELNHPNIVKLLDVIHTENKLYLVFEFLHQDLKKFMDASALTGIPLPLIKSYLFQLLQGLAFCHSHRVLHRDLKPQNLLINAEGSIKLADFGLARAFGVPVRTYTHEVVTLWYRAPEILLGCKYYSTAVDIWSLGCIFAEMHLVCTQHHAKCCGEHRRNGRHSLCPLCSYLEVAASQGGGMTAVSAPHPVTRRALFPGDSEIDQLFRIFRTLGTPDEVVWPGVTSMPDYKPSFPKWARQDFSKVVPPLDEDGRSLLSQMLHYDPNKRISAKAALAHPFFQDVTKPVPHLRL,,110.0,,,nM,US-7105529-B2,Example 30,CDK2
,BWSQKOKULIALEW-UHFFFAOYSA-N,MCLLDSCTALLLLGCWMSGSAVRISDVTLVNPDPVVSPLTAPSLLCVSSDWSSGGSVLALGQEFPRPQGSVLALGQEFPHTEPRPHPAAATVTWSSRSHAFGAFYCQIRNSTGRKIYTYKMLQEAAFLPESLTITVNQGENINISYSRRLYSPEDTVIHKNGHFEHSSPKEDISDIIHYPVTNAKAESHAGIYAIRYISAAPSSAAITRLIVRSCRAGFWGPNCTESCPRCANGGVCDDTTGECVCPPGFRGHTCDIVCGEGRFGAGCKERCVDGVCRALVFCLRDPYGCSCASGWRGLSCNDACPDGYYGAGCTQKCVCAKGRCDRFRGCVCAGRHGSRCEEADSSPVISHLRDVEINTGVELSVNCSASGRPAPLHGDITLITANRTTIAAVDTHTLNDQSTSVFRVQQVRVSSAGRWRCQVNNTHMQVEDEFTVEVKVPPRPQNPPVLQGSGPRHLLLLLNTEPYSGDGPIATTTLLYRPASAHTWSSVTAHGPLVRLDNLYPMTQYLTQVQLSRPGPGGAGQAGPAATFSTQVLELPVGVKLSAVSQTALLLSWDIAPAEQHCTYEVSCLQAGAPGTLRTFQLPSNSSAMHLSDLKPRHKYQCTVRSSCGVGQNHPSASAWTLSDQLPPPPANISIWNISDTSAVLTWAVAEGESVSRAVIRFQQVEQAQYRQQVELPVQTQQLHMRFQLLGLRPNTGYQLQLWTVNNMGESAESPPVSLMTLPQQESSALFAAHGHLLLYAILGSAGMTCCTVLLAFCIVLQLKRNTLQRRIHSILREEPAVHFSSAPPPHRRSAVVSRSLVFPALQWSDIQFQDVLGEGNFGQVLKARIRKDGLRMDAAVKRMKDYASQDDHRDFAGELEVLCRLGPHKNIIHLLGACEHRGYLYLAIEFAPHGNLLDFLRKSRVLETDPAFAIAHRTASTLSSQQLLAFSADVARGMSYLSQKQFIHRDLAARNVLVGENFVAKIADFGLSRGQEVYVKKTMGRLPVRWMAIESLNYSVYTTNSDVWSYGVLLWEVVSLGGTPYCGMTCAELYEKLPLGFRLEKPLNCDDEVYELMQQCWREKPFERPSFSQILLSLGRMLEERKTYVNTTLYEKFTYAGIDCSAEEAG,,110.0,,,nM,US-7105529-B2,Example 30,Tie-2
,BWSQKOKULIALEW-UHFFFAOYSA-N,MGPGVLLLLLVATAWHGQGIPVIEPSVPELVVKPGATVTLRCVGNGSVEWDGPPSPHWTLYSDGSSSILSTNNATFQNTGTYRCTEPGDPLGGSAAIHLYVKDPARPWNVLAQEVVVFEDQDALLPCLLTDPVLEAGVSLVRVRGRPLMRHTNYSFSPWHGFTIHRAKFIQSQDYQCSALMGGRKVMSISIRLKVQKVIPGPPALTLVPAELVRIRGEAAQIVCSASSVDVNFDVFLQHNNTKLAIPQQSDFHNNRYQKVLTLNLDQVDFQHAGNYSCVASNVQGKHSTSMFFRVVESAYLNLSSEQNLIQEVTVGEGLNLKVMVEAYPGLQGFNWTYLGPFSDHQPEPKLANATTKDTYRHTFTLSLPRLKPSEAGRYSFLARNPGGWRALTFELTLRYPPEVSVIWTFINGSGTLLCAASGYPQPNVTWLQCSGHTDRCDEAQVLQVWDDPYPEVLSQEPFHKVTVQSLLTVETLEHNQTYECRAHNSVGSGSWAFIPISAGAHTHPPDEFLFTPVVVACMSIMALLLLLLLLLLYKYKQKPKYQVRWKIIESYEGNSYTFIDPTQLPYNEKWEFPRNNLQFGKTLGAGAFGKVVEATAFGLGKEDAVLKVAVKMLKSTAHADEKEALMSELKIMSHLGQHENIVNLLGACTHGGPVLVITEYCCYGDLLNFLRRKAEAMLGPSLSPGQDPEGGVDYKNIHLEKKYVRRDSGFSSQGVDTYVEMRPVSTSSNDSFSEQDLDKEDGRPLELRDLLHFSSQVAQGMAFLASKNCIHRDVAARNVLLTNGHVAKIGDFGLARDIMNDSNYIVKGNARLPVKWMAPESIFDCVYTVQSDVWSYGILLWEIFSLGLNPYPGILVNSKFYKLVKDGYQMAQPAFAPKNIYSIMQACWALEPTHRPTFQQICSFLQEQAQEDRRERDYTNLPSSSRSGGSGSSSSELEEESSSEHLTCCEQGDIAQPLLQPNNYQFC,,110.0,,,nM,US-7105529-B2,Example 30,c-fms
,AJBMKZZMPSOPRY-UHFFFAOYSA-N,MQSKVLLAVALWLCVETRAASVGLPSVSLDLPRLSIQKDILTIKANTTLQITCRGQRDLDWLWPNNQSGSEQRVEVTECSDGLFCKTLTIPKVIGNDTGAYKCFYRETDLASVIYVYVQDYRSPFIASVSDQHGVVYITENKNKTVVIPCLGSISNLNVSLCARYPEKRFVPDGNRISWDSKKGFTIPSYMISYAGMVFCEAKINDESYQSIMYIVVVVGYRIYDVVLSPSHGIELSVGEKLVLNCTARTELNVGIDFNWEYPSSKHQHKKLVNRDLKTQSGSEMKKFLSTLTIDGVTRSDQGLYTCAASSGLMTKKNSTFVRVHEKPFVAFGSGMESLVEATVGERVRIPAKYLGYPPPEIKWYKNGIPLESNHTIKAGHVLTIMEVSERDTGNYTVILTNPISKEKQSHVVSLVVYVPPQIGEKSLISPVDSYQYGTTQTLTCTVYAIPPPHHIHWYWQLEEECANEPSQAVSVTNPYPCEEWRSVEDFQGGNKIEVNKNQFALIEGKNKTVSTLVIQAANVSALYKCEAVNKVGRGERVISFHVTRGPEITLQPDMQPTEQESVSLWCTADRSTFENLTWYKLGPQPLPIHVGELPTPVCKNLDTLWKLNATMFSNSTNDILIMELKNASLQDQGDYVCLAQDRKTKKRHCVVRQLTVLERVAPTITGNLENQTTSIGESIEVSCTASGNPPPQIMWFKDNETLVEDSGIVLKDGNRNLTIRRVRKEDEGLYTCQACSVLGCAKVEAFFIIEGAQEKTNLEIIILVGTAVIAMFFWLLLVIILRTVKRANGGELKTGYLSIVMDPDELPLDEHCERLPYDASKWEFPRDRLKLGKPLGRGAFGQVIEADAFGIDKTATCRTVAVKMLKEGATHSEHRALMSELKILIHIGHHLNVVNLLGACTKPGGPLMVIVEFCKFGNLSTYLRSKRNEFVPYKTKGARFRQGKDYVGAIPVDLKRRLDSITSSQSSASSGFVEEKSLSDVEEEEAPEDLYKDFLTLEHLICYSFQVAKGMEFLASRKCIHRDLAARNILLSEKNVVKICDFGLARDIYKDPDYVRKGDARLPLKWMAPETIFDRVYTIQSDVWSFGVLLWEIFSLGASPYPGVKIDEEFCRRLKEGTRMRAPDYTTPEMYQTMLDCWHGEPSQRPTFSELVEHLGNLLQANAQQDGKDYIVLPISETLSMEEDSGLSLPTSPVSCMEEEEVCDPKFHYDNTAGISQYLQNSKRKSRPVSVKTFEDIPLEEPEVKVIPDDNQTDSGMVLASEELKTLEDRTKLSPSFGGMVPSKSRESVASEGSNQTSGYQSGYHSDDTDTTVYSSEEAELLKLIEIGVQTGSTAQILQPDSGTTLSSPPV,,110.0,,,nM,US-7105529-B2,Example 32,VEGFR2
,AJBMKZZMPSOPRY-UHFFFAOYSA-N,MENFQKVEKIGEGTYGVVYKAKNKLTGEVVALKKIRLDTETEGVPSTAIREISLLKELNHPNIVKLLDVIHTENKLYLVFEFLHQDLKKFMDASALTGIPLPLIKSYLFQLLQGLAFCHSHRVLHRDLKPQNLLINAEGSIKLADFGLARAFGVPVRTYTHEVVTLWYRAPEILLGCKYYSTAVDIWSLGCIFAEMHLVCTQHHAKCCGEHRRNGRHSLCPLCSYLEVAASQGGGMTAVSAPHPVTRRALFPGDSEIDQLFRIFRTLGTPDEVVWPGVTSMPDYKPSFPKWARQDFSKVVPPLDEDGRSLLSQMLHYDPNKRISAKAALAHPFFQDVTKPVPHLRL,,110.0,,,nM,US-7105529-B2,Example 32,CDK2
,AJBMKZZMPSOPRY-UHFFFAOYSA-N,MCLLDSCTALLLLGCWMSGSAVRISDVTLVNPDPVVSPLTAPSLLCVSSDWSSGGSVLALGQEFPRPQGSVLALGQEFPHTEPRPHPAAATVTWSSRSHAFGAFYCQIRNSTGRKIYTYKMLQEAAFLPESLTITVNQGENINISYSRRLYSPEDTVIHKNGHFEHSSPKEDISDIIHYPVTNAKAESHAGIYAIRYISAAPSSAAITRLIVRSCRAGFWGPNCTESCPRCANGGVCDDTTGECVCPPGFRGHTCDIVCGEGRFGAGCKERCVDGVCRALVFCLRDPYGCSCASGWRGLSCNDACPDGYYGAGCTQKCVCAKGRCDRFRGCVCAGRHGSRCEEADSSPVISHLRDVEINTGVELSVNCSASGRPAPLHGDITLITANRTTIAAVDTHTLNDQSTSVFRVQQVRVSSAGRWRCQVNNTHMQVEDEFTVEVKVPPRPQNPPVLQGSGPRHLLLLLNTEPYSGDGPIATTTLLYRPASAHTWSSVTAHGPLVRLDNLYPMTQYLTQVQLSRPGPGGAGQAGPAATFSTQVLELPVGVKLSAVSQTALLLSWDIAPAEQHCTYEVSCLQAGAPGTLRTFQLPSNSSAMHLSDLKPRHKYQCTVRSSCGVGQNHPSASAWTLSDQLPPPPANISIWNISDTSAVLTWAVAEGESVSRAVIRFQQVEQAQYRQQVELPVQTQQLHMRFQLLGLRPNTGYQLQLWTVNNMGESAESPPVSLMTLPQQESSALFAAHGHLLLYAILGSAGMTCCTVLLAFCIVLQLKRNTLQRRIHSILREEPAVHFSSAPPPHRRSAVVSRSLVFPALQWSDIQFQDVLGEGNFGQVLKARIRKDGLRMDAAVKRMKDYASQDDHRDFAGELEVLCRLGPHKNIIHLLGACEHRGYLYLAIEFAPHGNLLDFLRKSRVLETDPAFAIAHRTASTLSSQQLLAFSADVARGMSYLSQKQFIHRDLAARNVLVGENFVAKIADFGLSRGQEVYVKKTMGRLPVRWMAIESLNYSVYTTNSDVWSYGVLLWEVVSLGGTPYCGMTCAELYEKLPLGFRLEKPLNCDDEVYELMQQCWREKPFERPSFSQILLSLGRMLEERKTYVNTTLYEKFTYAGIDCSAEEAG,,110.0,,,nM,US-7105529-B2,Example 32,Tie-2
,AJBMKZZMPSOPRY-UHFFFAOYSA-N,MGPGVLLLLLVATAWHGQGIPVIEPSVPELVVKPGATVTLRCVGNGSVEWDGPPSPHWTLYSDGSSSILSTNNATFQNTGTYRCTEPGDPLGGSAAIHLYVKDPARPWNVLAQEVVVFEDQDALLPCLLTDPVLEAGVSLVRVRGRPLMRHTNYSFSPWHGFTIHRAKFIQSQDYQCSALMGGRKVMSISIRLKVQKVIPGPPALTLVPAELVRIRGEAAQIVCSASSVDVNFDVFLQHNNTKLAIPQQSDFHNNRYQKVLTLNLDQVDFQHAGNYSCVASNVQGKHSTSMFFRVVESAYLNLSSEQNLIQEVTVGEGLNLKVMVEAYPGLQGFNWTYLGPFSDHQPEPKLANATTKDTYRHTFTLSLPRLKPSEAGRYSFLARNPGGWRALTFELTLRYPPEVSVIWTFINGSGTLLCAASGYPQPNVTWLQCSGHTDRCDEAQVLQVWDDPYPEVLSQEPFHKVTVQSLLTVETLEHNQTYECRAHNSVGSGSWAFIPISAGAHTHPPDEFLFTPVVVACMSIMALLLLLLLLLLYKYKQKPKYQVRWKIIESYEGNSYTFIDPTQLPYNEKWEFPRNNLQFGKTLGAGAFGKVVEATAFGLGKEDAVLKVAVKMLKSTAHADEKEALMSELKIMSHLGQHENIVNLLGACTHGGPVLVITEYCCYGDLLNFLRRKAEAMLGPSLSPGQDPEGGVDYKNIHLEKKYVRRDSGFSSQGVDTYVEMRPVSTSSNDSFSEQDLDKEDGRPLELRDLLHFSSQVAQGMAFLASKNCIHRDVAARNVLLTNGHVAKIGDFGLARDIMNDSNYIVKGNARLPVKWMAPESIFDCVYTVQSDVWSYGILLWEIFSLGLNPYPGILVNSKFYKLVKDGYQMAQPAFAPKNIYSIMQACWALEPTHRPTFQQICSFLQEQAQEDRRERDYTNLPSSSRSGGSGSSSSELEEESSSEHLTCCEQGDIAQPLLQPNNYQFC,,110.0,,,nM,US-7105529-B2,Example 32,c-fms
,PRQROPMIIGLWRP-BZSNNMDCSA-N,MATPRGLGALLLLLLLPTSGQEKPTEGPRNTCLGSNNMYDIFNLNDKALCFTKCRQSGSDSCNVENLQRYWLNYEAHLMKEGLTQKVNTPFLKALVQNLSTNTAEDFYFSLEPSQVPRQVMKDEDKPPDRVRLPKSLFRSLPGNRSVVRLAVTILDIGPGTLFKGPRLGLGDGSGVLNNRLVGLSVGQMHVTKLAEPLEIVFSHQRPPPNMTLTCVFWDVTKGTTGDWSSEGCSTEVRPEGTVCCCDHLTFFALLLRPTLDQSTVHILTRISQAGCGVSMIFLAFTIILYAFLRLSRERFKSEDAPKIHVALGGSLFLLNLAFLVNVGSGSKGSDAACWARGAVFHYFLLCAFTWMGLEAFHLYLLAVRVFNTYFGHYFLKLSLVGWGLPALMVIGTGSANSYGLYTIRDRENRTSLELCWFREGTTMYALYITVHGYFLITFLFGMVVLALVVWKIFTLSRATAVKERGKNRKKVLTLLGLSSLVGVTWGLAIFTPLGLSTVYIFALFNSLQGVFICCWFTILYLPSQSTTVSSSTARLDQAHSASQE,,,1000.0,,nM,EP-0814849-A1,fMLF,receptors on mouse PMNs
,VKHVAUKFLBBZFJ-SFHVURJKSA-N,METEKKVSLPRILRISVTDPYATDSSSDEEEEVDFDALSTKRRRVKKYVKEVVLDSVVSDKEKPMKKKRKKRVVTVPVVVTTATRKFRGVRQRPWGKWAAEIRDPSRRVRVWLGTFDTAEEAAIVYDNAAIQLRGPNAELNFPPPPVTENVEEASTEVKGVSDFIIGGGECLRSPVSVLESPFSGESTAVKEEFVGVSTAEIVVKKEPSFNGSDFSAPLFSDDDVFGFSTSMSESFGGDLFGDNLFADMSFGSGFGFGSGSGFSSWHVEDHFQDIGDLFGSDPVLTV,6.309573444801943,,,,nM,US-11730739-B2,NBI-77860,CRF1
,VKHVAUKFLBBZFJ-SFHVURJKSA-N,METEKKVSLPRILRISVTDPYATDSSSDEEEEVDFDALSTKRRRVKKYVKEVVLDSVVSDKEKPMKKKRKKRVVTVPVVVTTATRKFRGVRQRPWGKWAAEIRDPSRRVRVWLGTFDTAEEAAIVYDNAAIQLRGPNAELNFPPPPVTENVEEASTEVKGVSDFIIGGGECLRSPVSVLESPFSGESTAVKEEFVGVSTAEIVVKKEPSFNGSDFSAPLFSDDDVFGFSTSMSESFGGDLFGDNLFADMSFGSGFGFGSGSGFSSWHVEDHFQDIGDLFGSDPVLTV,49.0,,,,nM,US-11730739-B2,NBI-77860,CRF1
,KNADXBVKFAUMCR-UHFFFAOYSA-N,METEKKVSLPRILRISVTDPYATDSSSDEEEEVDFDALSTKRRRVKKYVKEVVLDSVVSDKEKPMKKKRKKRVVTVPVVVTTATRKFRGVRQRPWGKWAAEIRDPSRRVRVWLGTFDTAEEAAIVYDNAAIQLRGPNAELNFPPPPVTENVEEASTEVKGVSDFIIGGGECLRSPVSVLESPFSGESTAVKEEFVGVSTAEIVVKKEPSFNGSDFSAPLFSDDDVFGFSTSMSESFGGDLFGDNLFADMSFGSGFGFGSGSGFSSWHVEDHFQDIGDLFGSDPVLTV,25.0,,,,nM,US-11730739-B2,NBI-27914,CRF1
,ZSEJGVQTBLJRCQ-UHFFFAOYSA-N,METEKKVSLPRILRISVTDPYATDSSSDEEEEVDFDALSTKRRRVKKYVKEVVLDSVVSDKEKPMKKKRKKRVVTVPVVVTTATRKFRGVRQRPWGKWAAEIRDPSRRVRVWLGTFDTAEEAAIVYDNAAIQLRGPNAELNFPPPPVTENVEEASTEVKGVSDFIIGGGECLRSPVSVLESPFSGESTAVKEEFVGVSTAEIVVKKEPSFNGSDFSAPLFSDDDVFGFSTSMSESFGGDLFGDNLFADMSFGSGFGFGSGSGFSSWHVEDHFQDIGDLFGSDPVLTV,12.0,,,,nM,US-11730739-B2,"CP-316,311",CRF1
,MDWRPTOUDPFXKK-UHFFFAOYSA-N,METEKKVSLPRILRISVTDPYATDSSSDEEEEVDFDALSTKRRRVKKYVKEVVLDSVVSDKEKPMKKKRKKRVVTVPVVVTTATRKFRGVRQRPWGKWAAEIRDPSRRVRVWLGTFDTAEEAAIVYDNAAIQLRGPNAELNFPPPPVTENVEEASTEVKGVSDFIIGGGECLRSPVSVLESPFSGESTAVKEEFVGVSTAEIVVKKEPSFNGSDFSAPLFSDDDVFGFSTSMSESFGGDLFGDNLFADMSFGSGFGFGSGSGFSSWHVEDHFQDIGDLFGSDPVLTV,9.5,,,,nM,US-11730739-B2,DMP696,CRF1
,LBWQSAZEYIZZCE-SNVBAGLBSA-N,METEKKVSLPRILRISVTDPYATDSSSDEEEEVDFDALSTKRRRVKKYVKEVVLDSVVSDKEKPMKKKRKKRVVTVPVVVTTATRKFRGVRQRPWGKWAAEIRDPSRRVRVWLGTFDTAEEAAIVYDNAAIQLRGPNAELNFPPPPVTENVEEASTEVKGVSDFIIGGGECLRSPVSVLESPFSGESTAVKEEFVGVSTAEIVVKKEPSFNGSDFSAPLFSDDDVFGFSTSMSESFGGDLFGDNLFADMSFGSGFGFGSGSGFSSWHVEDHFQDIGDLFGSDPVLTV,19.0,,,,nM,US-11730739-B2,pexacerfont,CRF1
,ARENHXRYYRAMQA-RSAXXLAASA-N,METEKKVSLPRILRISVTDPYATDSSSDEEEEVDFDALSTKRRRVKKYVKEVVLDSVVSDKEKPMKKKRKKRVVTVPVVVTTATRKFRGVRQRPWGKWAAEIRDPSRRVRVWLGTFDTAEEAAIVYDNAAIQLRGPNAELNFPPPPVTENVEEASTEVKGVSDFIIGGGECLRSPVSVLESPFSGESTAVKEEFVGVSTAEIVVKKEPSFNGSDFSAPLFSDDDVFGFSTSMSESFGGDLFGDNLFADMSFGSGFGFGSGSGFSSWHVEDHFQDIGDLFGSDPVLTV,2.3,,,,nM,US-11730739-B2,NBI-35965,CRF1
,LDIOUQIXNSSOGU-UHFFFAOYSA-N,METEKKVSLPRILRISVTDPYATDSSSDEEEEVDFDALSTKRRRVKKYVKEVVLDSVVSDKEKPMKKKRKKRVVTVPVVVTTATRKFRGVRQRPWGKWAAEIRDPSRRVRVWLGTFDTAEEAAIVYDNAAIQLRGPNAELNFPPPPVTENVEEASTEVKGVSDFIIGGGECLRSPVSVLESPFSGESTAVKEEFVGVSTAEIVVKKEPSFNGSDFSAPLFSDDDVFGFSTSMSESFGGDLFGDNLFADMSFGSGFGFGSGSGFSSWHVEDHFQDIGDLFGSDPVLTV,15.0,,,,nM,US-11730739-B2,ONO-2333Ms,CRF1
,IXPROWGEHNVJOY-UHFFFAOYSA-N,METEKKVSLPRILRISVTDPYATDSSSDEEEEVDFDALSTKRRRVKKYVKEVVLDSVVSDKEKPMKKKRKKRVVTVPVVVTTATRKFRGVRQRPWGKWAAEIRDPSRRVRVWLGTFDTAEEAAIVYDNAAIQLRGPNAELNFPPPPVTENVEEASTEVKGVSDFIIGGGECLRSPVSVLESPFSGESTAVKEEFVGVSTAEIVVKKEPSFNGSDFSAPLFSDDDVFGFSTSMSESFGGDLFGDNLFADMSFGSGFGFGSGSGFSSWHVEDHFQDIGDLFGSDPVLTV,3.9,,,,nM,US-11730739-B2,antalarmin,CRF1
,AKLMUGFDGONMAA-UHFFFAOYSA-N,METEKKVSLPRILRISVTDPYATDSSSDEEEEVDFDALSTKRRRVKKYVKEVVLDSVVSDKEKPMKKKRKKRVVTVPVVVTTATRKFRGVRQRPWGKWAAEIRDPSRRVRVWLGTFDTAEEAAIVYDNAAIQLRGPNAELNFPPPPVTENVEEASTEVKGVSDFIIGGGECLRSPVSVLESPFSGESTAVKEEFVGVSTAEIVVKKEPSFNGSDFSAPLFSDDDVFGFSTSMSESFGGDLFGDNLFADMSFGSGFGFGSGSGFSSWHVEDHFQDIGDLFGSDPVLTV,1.7,,,,nM,US-11730739-B2,NBI-34041,CRF1
,QBBJSFUFEUXTNU-UHFFFAOYSA-N,METEKKVSLPRILRISVTDPYATDSSSDEEEEVDFDALSTKRRRVKKYVKEVVLDSVVSDKEKPMKKKRKKRVVTVPVVVTTATRKFRGVRQRPWGKWAAEIRDPSRRVRVWLGTFDTAEEAAIVYDNAAIQLRGPNAELNFPPPPVTENVEEASTEVKGVSDFIIGGGECLRSPVSVLESPFSGESTAVKEEFVGVSTAEIVVKKEPSFNGSDFSAPLFSDDDVFGFSTSMSESFGGDLFGDNLFADMSFGSGFGFGSGSGFSSWHVEDHFQDIGDLFGSDPVLTV,0.38,,,,nM,US-11730739-B2,DMP904,CRF1
,ANNRUWYFVIGKHA-UHFFFAOYSA-N,METEKKVSLPRILRISVTDPYATDSSSDEEEEVDFDALSTKRRRVKKYVKEVVLDSVVSDKEKPMKKKRKKRVVTVPVVVTTATRKFRGVRQRPWGKWAAEIRDPSRRVRVWLGTFDTAEEAAIVYDNAAIQLRGPNAELNFPPPPVTENVEEASTEVKGVSDFIIGGGECLRSPVSVLESPFSGESTAVKEEFVGVSTAEIVVKKEPSFNGSDFSAPLFSDDDVFGFSTSMSESFGGDLFGDNLFADMSFGSGFGFGSGSGFSSWHVEDHFQDIGDLFGSDPVLTV,0.36,,,,nM,US-11730739-B2,NBI-30775,CRF1
,IEAKXXNRGSLYTQ-DEOSSOPVSA-N,METEKKVSLPRILRISVTDPYATDSSSDEEEEVDFDALSTKRRRVKKYVKEVVLDSVVSDKEKPMKKKRKKRVVTVPVVVTTATRKFRGVRQRPWGKWAAEIRDPSRRVRVWLGTFDTAEEAAIVYDNAAIQLRGPNAELNFPPPPVTENVEEASTEVKGVSDFIIGGGECLRSPVSVLESPFSGESTAVKEEFVGVSTAEIVVKKEPSFNGSDFSAPLFSDDDVFGFSTSMSESFGGDLFGDNLFADMSFGSGFGFGSGSGFSSWHVEDHFQDIGDLFGSDPVLTV,0.049,,,,nM,US-11730739-B2,SSR125543A,CRF1
,CRDZYJSQHCXHEG-SFVBTVKNSA-N,MRIFAVFIFMTYWHLLNAFTVTVPKDLYVVEYGSNMTIECKFPVEKQLDLAALIVYWEMEDKNIIQFVHGEEDLKVQHSSYRQRARLLKDQLSLGNAALQITDVKLQDAGVYRCMISYGGADYKRITVKVNAPYNKINQRILVVDPVTSEHELTCQAEGYPKAEVIWTSSDHQVLSGKTTTTNSKREEKLFNVTSTLRINTTTNEIFYCTFRRLDPEENHTAELVIPELPLAHPPNERTHLVILGAILLCLGVALTFIFRLRKGRMMDVKKCGIQDTNSKKQSDTHLEET,,,270.0,,nM,EP-3997114-A1,PD1,PDL1
,CRDZYJSQHCXHEG-SFVBTVKNSA-N,MRIFAVFIFMTYWHLLNAFTVTVPKDLYVVEYGSNMTIECKFPVEKQLDLAALIVYWEMEDKNIIQFVHGEEDLKVQHSSYRQRARLLKDQLSLGNAALQITDVKLQDAGVYRCMISYGGADYKRITVKVNAPYNKINQRILVVDPVTSEHELTCQAEGYPKAEVIWTSSDHQVLSGKTTTTNSKREEKLFNVTSTLRINTTTNEIFYCTFRRLDPEENHTAELVIPELPLAHPPNERTHLVILGAILLCLGVALTFIFRLRKGRMMDVKKCGIQDTNSKKQSDTHLEET,,,0.008,,nM,EP-3997114-A1,PD1,PDL1
,WOCXQMCIOTUMJV-UHFFFAOYSA-N,MGDLPGLVRLSIALRIQPNDGPVFYKVDGQRFGQNRTIKLLTGSSYKVEVKIKPSTLQVENISIGGVLVPLELKSKEPDGDRVVYTGTYDTEGVTPTKSGERQPIQITMPFTDIGTFETVWQVKFYNYHKRDHCQWGSPFSVIEYECKPNETRSLMWVNKESFL,9.12,,,,nM,CN-1589269-A,CB1,CB1
,LEERPLGXOHLQPF-UHFFFAOYSA-N,MAKARSGAAGLGLKLFLLLPLLGEAPLGLYFSRDAYWERLYVDQPAGTPLLYVHALRDAPGEVPSFRLGQYLYGVYRTRLHENDWIHIDSGTGLLYLNQSLDHSSWEQLSIRNGGFPLLTVFLQVFLGSTAQREGECHWPGCARVYFSFINDTFPNCSSFKARDLCTPETGVSFRIRENRPPGTFYQFRMLPVQFLCPNISVKYKLLEGDGLPFRCDPDCLEVSTRWALDRELQEKYVLEAECAVAGPGANKEKVAVSFPVTVYDEDDSPPTFSGGVGTASAVVEFKRKEGTVVATLQVFDADVVPASGELVRRYTSTLLSGDSWAQQTFRVEHTPNETLVQSNNNSVRATMHNYKLVLNRSLSISESRVLQLVVLVNDSDFQGPGSGVLFLHFNVSVLPVTLNLPMAYSFPVNRRARRYAQIGKVCVENCQEFSGVSIQYKLQPSSTNCSALGVVTSTEDTSGTLYVNDTEALRRPECTELQYTVVATDRQTRRQTQASLVVTVEGTYIAEEVGCPKSCAVNKRRPECEECGGLGSPTGRCEWRQGDGKGITRNFSTCSPSTRTCPDGHCDALESRDINICPQDCLRGPIVGGHERGERQGIKAGYGICNCFPDEKKCFCEPEDSQGPLCDELCRTVITAAVLFSFIISVLLSTFCIHRYHKHAHKPPIASAEMTFCRPAQGFPISYSSSGTRRPSLDSMENQVSVDSFKIPEDPKWEFPRKNLVLGKTLGEGEFGKVVKATAFRLKGRAGYTTVAVKMLKENASQSELRDLLSEFNLLKQVNHPHVIKLYGACSQDGPLLLIVEYAKYGSLRGFLRDSRKIGPAYVSSGGSRNSSSLDHPDERVLTMGDLISFAWQISRGMQYLAEMKLVHRDLAARNILVAEGRKMKISDFGLSRDVYEEDSYVKKSKGRIPVKWMAIESLFDHIYTTQSDVWSFGVLLWEIVTLGGNPYPGIPPERLFNLLKTGHRMERPDNCSEEMYRLMLQCWKQEPDKRPVFADISKDLEKMMVKSRDYLDLAASTPSDSLLYDDGLSEEETPLVDCNSAPLPRSLPSTWIENKLYGMSDPNWPGESPVPLTRADGTSTGFPRYANDSVYANWMVSPSAAKLMDTFDS,,10.0,,,nM,US-20140243357-A1,AD57,Ret kinase domain
,LEERPLGXOHLQPF-UHFFFAOYSA-N,MAKARSGAAGLGLKLFLLLPLLGEAPLGLYFSRDAYWERLYVDQPAGTPLLYVHALRDAPGEVPSFRLGQYLYGVYRTRLHENDWIHIDSGTGLLYLNQSLDHSSWEQLSIRNGGFPLLTVFLQVFLGSTAQREGECHWPGCARVYFSFINDTFPNCSSFKARDLCTPETGVSFRIRENRPPGTFYQFRMLPVQFLCPNISVKYKLLEGDGLPFRCDPDCLEVSTRWALDRELQEKYVLEAECAVAGPGANKEKVAVSFPVTVYDEDDSPPTFSGGVGTASAVVEFKRKEGTVVATLQVFDADVVPASGELVRRYTSTLLSGDSWAQQTFRVEHTPNETLVQSNNNSVRATMHNYKLVLNRSLSISESRVLQLVVLVNDSDFQGPGSGVLFLHFNVSVLPVTLNLPMAYSFPVNRRARRYAQIGKVCVENCQEFSGVSIQYKLQPSSTNCSALGVVTSTEDTSGTLYVNDTEALRRPECTELQYTVVATDRQTRRQTQASLVVTVEGTYIAEEVGCPKSCAVNKRRPECEECGGLGSPTGRCEWRQGDGKGITRNFSTCSPSTRTCPDGHCDALESRDINICPQDCLRGPIVGGHERGERQGIKAGYGICNCFPDEKKCFCEPEDSQGPLCDELCRTVITAAVLFSFIISVLLSTFCIHRYHKHAHKPPIASAEMTFCRPAQGFPISYSSSGTRRPSLDSMENQVSVDSFKIPEDPKWEFPRKNLVLGKTLGEGEFGKVVKATAFRLKGRAGYTTVAVKMLKENASQSELRDLLSEFNLLKQVNHPHVIKLYGACSQDGPLLLIVEYAKYGSLRGFLRDSRKIGPAYVSSGGSRNSSSLDHPDERVLTMGDLISFAWQISRGMQYLAEMKLVHRDLAARNILVAEGRKMKISDFGLSRDVYEEDSYVKKSKGRIPVKWMAIESLFDHIYTTQSDVWSFGVLLWEIVTLGGNPYPGIPPERLFNLLKTGHRMERPDNCSEEMYRLMLQCWKQEPDKRPVFADISKDLEKMMVKSRDYLDLAASTPSDSLLYDDGLSEEETPLVDCNSAPLPRSLPSTWIENKLYGMSDPNWPGESPVPLTRADGTSTGFPRYANDSVYANWMVSPSAAKLMDTFDS,,5500.0,,,nM,US-20140243357-A1,AD57,Ret kinase domain
,UFHFLCQGNIYNRP-UHFFFAOYSA-N,MGPWGWKLRWTVALLLAAAGTAVGDRCERNEFQCQDGKCISYKWVCDGSAECQDGSDESQETCLSVTCKSGDFSCGGRVNRCIPQFWRCDGQVDCDNGSDEQGCPPKTCSQDEFRCHDGKCISRQFVCDSDRDCLDGSDEASCPVLTCGPASFQCNSSTCIPQLWACDNDPDCEDGSDEWPQRCRGLYVFQGDSSPCSAFEFHCLSGECIHSSWRCDGGPDCKDKSDEENCAVATCRPDEFQCSDGNCIHGSRQCDREYDCKDMSDEVGCVNVTLCEGPNKFKCHSGECITLDKVCNMARDCRDWSDEPIKECGTNECLDNNGGCSHVCNDLKIGYECLCPDGFQLVAQRRCEDIDECQDPDTCSQLCVNLEGGYKCQCEEGFQLDPHTKACKAVGSIAYLFFTNRHEVRKMTLDRSEYTSLIPNLRNVVALDTEVASNRIYWSDLSQRMICSTQLDRAHGVSSYDTVISRDIQAPDGLAVDWIHSNIYWTDSVLGTVSVADTKGVKRKTLFRENGSKPRAIVVDPVHGFMYWTDWGTPAKIKKGGLNGVDIYSLVTENIQWPNGITLDLLSGRLYWVDSKLHSISSIDVNGGNRKTILEDEKRLAHPFSLAVFEDKVFWTDIINEAIFSANRLTGSDVNLLAENLLSPEDMVLFHNLTQPRGVNWCERTTLSNGGCQYLCLPAPQINPHSPKFTCACPDGMLLARDMRSCLTEAEAAVATQETSTVRLKVSSTAVRTQHTTTRPVPDTSRLPGATPGLTTVEIVTMSHQALGDVAGRGNEKKPSSVRALSIVLPIVLLVFLCLGVFLLWKNWRLKNINSINFDNPVYQKTTEDEVHICHNQDGYSYPSRQMVSLEDDVA,,100000.0,,,nM,US-20020004202-A1,H2,receptor
,UFHFLCQGNIYNRP-UHFFFAOYSA-N,MGPWGWKLRWTVALLLAAAGTAVGDRCERNEFQCQDGKCISYKWVCDGSAECQDGSDESQETCLSVTCKSGDFSCGGRVNRCIPQFWRCDGQVDCDNGSDEQGCPPKTCSQDEFRCHDGKCISRQFVCDSDRDCLDGSDEASCPVLTCGPASFQCNSSTCIPQLWACDNDPDCEDGSDEWPQRCRGLYVFQGDSSPCSAFEFHCLSGECIHSSWRCDGGPDCKDKSDEENCAVATCRPDEFQCSDGNCIHGSRQCDREYDCKDMSDEVGCVNVTLCEGPNKFKCHSGECITLDKVCNMARDCRDWSDEPIKECGTNECLDNNGGCSHVCNDLKIGYECLCPDGFQLVAQRRCEDIDECQDPDTCSQLCVNLEGGYKCQCEEGFQLDPHTKACKAVGSIAYLFFTNRHEVRKMTLDRSEYTSLIPNLRNVVALDTEVASNRIYWSDLSQRMICSTQLDRAHGVSSYDTVISRDIQAPDGLAVDWIHSNIYWTDSVLGTVSVADTKGVKRKTLFRENGSKPRAIVVDPVHGFMYWTDWGTPAKIKKGGLNGVDIYSLVTENIQWPNGITLDLLSGRLYWVDSKLHSISSIDVNGGNRKTILEDEKRLAHPFSLAVFEDKVFWTDIINEAIFSANRLTGSDVNLLAENLLSPEDMVLFHNLTQPRGVNWCERTTLSNGGCQYLCLPAPQINPHSPKFTCACPDGMLLARDMRSCLTEAEAAVATQETSTVRLKVSSTAVRTQHTTTRPVPDTSRLPGATPGLTTVEIVTMSHQALGDVAGRGNEKKPSSVRALSIVLPIVLLVFLCLGVFLLWKNWRLKNINSINFDNPVYQKTTEDEVHICHNQDGYSYPSRQMVSLEDDVA,,10000.0,,,nM,US-20020004202-A1,H2,receptor
,UFHFLCQGNIYNRP-UHFFFAOYSA-N,MGPWGWKLRWTVALLLAAAGTAVGDRCERNEFQCQDGKCISYKWVCDGSAECQDGSDESQETCLSVTCKSGDFSCGGRVNRCIPQFWRCDGQVDCDNGSDEQGCPPKTCSQDEFRCHDGKCISRQFVCDSDRDCLDGSDEASCPVLTCGPASFQCNSSTCIPQLWACDNDPDCEDGSDEWPQRCRGLYVFQGDSSPCSAFEFHCLSGECIHSSWRCDGGPDCKDKSDEENCAVATCRPDEFQCSDGNCIHGSRQCDREYDCKDMSDEVGCVNVTLCEGPNKFKCHSGECITLDKVCNMARDCRDWSDEPIKECGTNECLDNNGGCSHVCNDLKIGYECLCPDGFQLVAQRRCEDIDECQDPDTCSQLCVNLEGGYKCQCEEGFQLDPHTKACKAVGSIAYLFFTNRHEVRKMTLDRSEYTSLIPNLRNVVALDTEVASNRIYWSDLSQRMICSTQLDRAHGVSSYDTVISRDIQAPDGLAVDWIHSNIYWTDSVLGTVSVADTKGVKRKTLFRENGSKPRAIVVDPVHGFMYWTDWGTPAKIKKGGLNGVDIYSLVTENIQWPNGITLDLLSGRLYWVDSKLHSISSIDVNGGNRKTILEDEKRLAHPFSLAVFEDKVFWTDIINEAIFSANRLTGSDVNLLAENLLSPEDMVLFHNLTQPRGVNWCERTTLSNGGCQYLCLPAPQINPHSPKFTCACPDGMLLARDMRSCLTEAEAAVATQETSTVRLKVSSTAVRTQHTTTRPVPDTSRLPGATPGLTTVEIVTMSHQALGDVAGRGNEKKPSSVRALSIVLPIVLLVFLCLGVFLLWKNWRLKNINSINFDNPVYQKTTEDEVHICHNQDGYSYPSRQMVSLEDDVA,,0.001,,,nM,US-20020004202-A1,H2,receptor
,UFHFLCQGNIYNRP-UHFFFAOYSA-N,MGPWGWKLRWTVALLLAAAGTAVGDRCERNEFQCQDGKCISYKWVCDGSAECQDGSDESQETCLSVTCKSGDFSCGGRVNRCIPQFWRCDGQVDCDNGSDEQGCPPKTCSQDEFRCHDGKCISRQFVCDSDRDCLDGSDEASCPVLTCGPASFQCNSSTCIPQLWACDNDPDCEDGSDEWPQRCRGLYVFQGDSSPCSAFEFHCLSGECIHSSWRCDGGPDCKDKSDEENCAVATCRPDEFQCSDGNCIHGSRQCDREYDCKDMSDEVGCVNVTLCEGPNKFKCHSGECITLDKVCNMARDCRDWSDEPIKECGTNECLDNNGGCSHVCNDLKIGYECLCPDGFQLVAQRRCEDIDECQDPDTCSQLCVNLEGGYKCQCEEGFQLDPHTKACKAVGSIAYLFFTNRHEVRKMTLDRSEYTSLIPNLRNVVALDTEVASNRIYWSDLSQRMICSTQLDRAHGVSSYDTVISRDIQAPDGLAVDWIHSNIYWTDSVLGTVSVADTKGVKRKTLFRENGSKPRAIVVDPVHGFMYWTDWGTPAKIKKGGLNGVDIYSLVTENIQWPNGITLDLLSGRLYWVDSKLHSISSIDVNGGNRKTILEDEKRLAHPFSLAVFEDKVFWTDIINEAIFSANRLTGSDVNLLAENLLSPEDMVLFHNLTQPRGVNWCERTTLSNGGCQYLCLPAPQINPHSPKFTCACPDGMLLARDMRSCLTEAEAAVATQETSTVRLKVSSTAVRTQHTTTRPVPDTSRLPGATPGLTTVEIVTMSHQALGDVAGRGNEKKPSSVRALSIVLPIVLLVFLCLGVFLLWKNWRLKNINSINFDNPVYQKTTEDEVHICHNQDGYSYPSRQMVSLEDDVA,,100.0,,,nM,US-20020004202-A1,H2,receptor
,UFHFLCQGNIYNRP-UHFFFAOYSA-N,MGPWGWKLRWTVALLLAAAGTAVGDRCERNEFQCQDGKCISYKWVCDGSAECQDGSDESQETCLSVTCKSGDFSCGGRVNRCIPQFWRCDGQVDCDNGSDEQGCPPKTCSQDEFRCHDGKCISRQFVCDSDRDCLDGSDEASCPVLTCGPASFQCNSSTCIPQLWACDNDPDCEDGSDEWPQRCRGLYVFQGDSSPCSAFEFHCLSGECIHSSWRCDGGPDCKDKSDEENCAVATCRPDEFQCSDGNCIHGSRQCDREYDCKDMSDEVGCVNVTLCEGPNKFKCHSGECITLDKVCNMARDCRDWSDEPIKECGTNECLDNNGGCSHVCNDLKIGYECLCPDGFQLVAQRRCEDIDECQDPDTCSQLCVNLEGGYKCQCEEGFQLDPHTKACKAVGSIAYLFFTNRHEVRKMTLDRSEYTSLIPNLRNVVALDTEVASNRIYWSDLSQRMICSTQLDRAHGVSSYDTVISRDIQAPDGLAVDWIHSNIYWTDSVLGTVSVADTKGVKRKTLFRENGSKPRAIVVDPVHGFMYWTDWGTPAKIKKGGLNGVDIYSLVTENIQWPNGITLDLLSGRLYWVDSKLHSISSIDVNGGNRKTILEDEKRLAHPFSLAVFEDKVFWTDIINEAIFSANRLTGSDVNLLAENLLSPEDMVLFHNLTQPRGVNWCERTTLSNGGCQYLCLPAPQINPHSPKFTCACPDGMLLARDMRSCLTEAEAAVATQETSTVRLKVSSTAVRTQHTTTRPVPDTSRLPGATPGLTTVEIVTMSHQALGDVAGRGNEKKPSSVRALSIVLPIVLLVFLCLGVFLLWKNWRLKNINSINFDNPVYQKTTEDEVHICHNQDGYSYPSRQMVSLEDDVA,,10.0,,,nM,US-20020004202-A1,H2,receptor
,UFHFLCQGNIYNRP-UHFFFAOYSA-N,MGPWGWKLRWTVALLLAAAGTAVGDRCERNEFQCQDGKCISYKWVCDGSAECQDGSDESQETCLSVTCKSGDFSCGGRVNRCIPQFWRCDGQVDCDNGSDEQGCPPKTCSQDEFRCHDGKCISRQFVCDSDRDCLDGSDEASCPVLTCGPASFQCNSSTCIPQLWACDNDPDCEDGSDEWPQRCRGLYVFQGDSSPCSAFEFHCLSGECIHSSWRCDGGPDCKDKSDEENCAVATCRPDEFQCSDGNCIHGSRQCDREYDCKDMSDEVGCVNVTLCEGPNKFKCHSGECITLDKVCNMARDCRDWSDEPIKECGTNECLDNNGGCSHVCNDLKIGYECLCPDGFQLVAQRRCEDIDECQDPDTCSQLCVNLEGGYKCQCEEGFQLDPHTKACKAVGSIAYLFFTNRHEVRKMTLDRSEYTSLIPNLRNVVALDTEVASNRIYWSDLSQRMICSTQLDRAHGVSSYDTVISRDIQAPDGLAVDWIHSNIYWTDSVLGTVSVADTKGVKRKTLFRENGSKPRAIVVDPVHGFMYWTDWGTPAKIKKGGLNGVDIYSLVTENIQWPNGITLDLLSGRLYWVDSKLHSISSIDVNGGNRKTILEDEKRLAHPFSLAVFEDKVFWTDIINEAIFSANRLTGSDVNLLAENLLSPEDMVLFHNLTQPRGVNWCERTTLSNGGCQYLCLPAPQINPHSPKFTCACPDGMLLARDMRSCLTEAEAAVATQETSTVRLKVSSTAVRTQHTTTRPVPDTSRLPGATPGLTTVEIVTMSHQALGDVAGRGNEKKPSSVRALSIVLPIVLLVFLCLGVFLLWKNWRLKNINSINFDNPVYQKTTEDEVHICHNQDGYSYPSRQMVSLEDDVA,,1.0,,,nM,US-20020004202-A1,H2,receptor
,QMGUOJYZJKLOLH-UHFFFAOYSA-N,MKRAHPEYSSSDSELDETIEVEKESADENGNLSSALGSMSPTTSSQILARKRRRGIIEKRRRDRINNSLSELRRLVPSAFEKQGSAKLEKAEILQMTVDHLKMLHTAGGKGYFDAHALAMDYRSLGFRECLAEVARYLSIIEGLDASDPLRVRLVSHLNNYASQREAASGAHAGLGHIPWGTVFGHHPHIAHPLLLPQNGHGNAGTTASPTEPHHQGRLGSAHPEAPALRAPPSGSLGPVLPVVTSASKLSPPLLSSVASLSAFPFSFGSFHLLSPNALSPSAPTQAANLGKPYRPWGTEIGAF,,,921.2,,nM,WO-2016127216-A1,Bi1,HEY cells
,SQKRUBZPTNJQEM-FQPARAGTSA-N,MKSILDGLADTTFRTITTDLLYVGSNDIQYEDIKGDMASKLGYFPQKFPLTSFRGSPFQEKMTAGDNSPLVPAGDTTNITEFYNKSLSSFKENEDNIQCGENFMDMECFMILNPSQQLAIAVLSLTLGTFTVLENLLVLCVILHSRSLRCRPSYHFIGSLAVADLLGSVIFVYSFVDFHVFHRKDSPNVFLFKLGGVTASFTASVGSLFLTAIDRYISIHRPLAYKRIVTRPKAVVAFCLMWTIAIVIAVLPLLGWNCKKLQSVCSDIFPLIDETYLMFWIGVTSVLLLFIVYAYMYILWKAHSHAVRMIQRGTQKSIIIHTSEDGKVQVTRPDQARMDIRLAKTLVLILVVLIICWGPLLAIMVYDVFGKMNKLIKTVFAFCSMLCLLNSTVNPIIYALRSKDLRHAFRSMFPSCEGTAQPLDNSMGDSDCLHKHANNTASMHRAAESCIKSTVKIAKVTMSVSTDTSAEAL,17.9,,,,nM,CN-115884760-A,AM-356,CB1 cannabinoid receptor
,SQKRUBZPTNJQEM-FQPARAGTSA-N,MAGCRELELTNGSNGGLEFNPMKEYMILSDAQQIAVAVLCTLMGLLSALENVAVLYLILSSQRLRRKPSYLFIGSLAGADFLASVIFACNFVIFHVFHGVDSRNIFLLKIGSVTMTFTASVGSLLLTAVDRYLCLCYPPTYKALVTRGRALVALGVMWVLSALISYLPLMGWTCCPSPCSELFPLIPNDYLLGWLLFIAILFSGIIYTYGYVLWKAHQHVASLAEHQDRQVPGIARMRLDVRLAKTLGLVMAVLLICWFPALALMGHSLVTTLSDKVKEAFAFCSMLCLVNSMINPIIYALRSGEIRSAAQHCLTGWKKYLQGLGSEGKEEAPKSSVTETEAEVKTTTGPGSRTPGCSNC,868.0,,,,nM,CN-115884760-A,AM-356,CB2 cannabinoid receptor
,IUWBHGFOHXVVKV-UHFFFAOYSA-N,MGDLPGLVRLSIALRIQPNDGPVFYKVDGQRFGQNRTIKLLTGSSYKVEVKIKPSTLQVENISIGGVLVPLELKSKEPDGDRVVYTGTYDTEGVTPTKSGERQPIQITMPFTDIGTFETVWQVKFYNYHKRDHCQWGSPFSVIEYECKPNETRSLMWVNKESFL,2.3,,,,nM,CN-115884760-A,JWH-398,CB1
,IUWBHGFOHXVVKV-UHFFFAOYSA-N,MAGCRELELTNGSNGGLEFNPMKEYMILSDAQQIAVAVLCTLMGLLSALENVAVLYLILSSQRLRRKPSYLFIGSLAGADFLASVIFACNFVIFHVFHGVDSRNIFLLKIGSVTMTFTASVGSLLLTAVDRYLCLCYPPTYKALVTRGRALVALGVMWVLSALISYLPLMGWTCCPSPCSELFPLIPNDYLLGWLLFIAILFSGIIYTYGYVLWKAHQHVASLAEHQDRQVPGIARMRLDVRLAKTLGLVMAVLLICWFPALALMGHSLVTTLSDKVKEAFAFCSMLCLVNSMINPIIYALRSGEIRSAAQHCLTGWKKYLQGLGSEGKEEAPKSSVTETEAEVKTTTGPGSRTPGCSNC,2.8,,,,nM,CN-115884760-A,JWH-398,CB2
,QXZYVJRMQVOOEQ-UHFFFAOYSA-N,MAGCRELELTNGSNGGLEFNPMKEYMILSDAQQIAVAVLCTLMGLLSALENVAVLYLILSSQRLRRKPSYLFIGSLAGADFLASVIFACNFVIFHVFHGVDSRNIFLLKIGSVTMTFTASVGSLLLTAVDRYLCLCYPPTYKALVTRGRALVALGVMWVLSALISYLPLMGWTCCPSPCSELFPLIPNDYLLGWLLFIAILFSGIIYTYGYVLWKAHQHVASLAEHQDRQVPGIARMRLDVRLAKTLGLVMAVLLICWFPALALMGHSLVTTLSDKVKEAFAFCSMLCLVNSMINPIIYALRSGEIRSAAQHCLTGWKKYLQGLGSEGKEEAPKSSVTETEAEVKTTTGPGSRTPGCSNC,5.44,,,,nM,CN-115884760-A,JWH-424,CB2
,QXZYVJRMQVOOEQ-UHFFFAOYSA-N,MGDLPGLVRLSIALRIQPNDGPVFYKVDGQRFGQNRTIKLLTGSSYKVEVKIKPSTLQVENISIGGVLVPLELKSKEPDGDRVVYTGTYDTEGVTPTKSGERQPIQITMPFTDIGTFETVWQVKFYNYHKRDHCQWGSPFSVIEYECKPNETRSLMWVNKESFL,20.9,,,,nM,CN-115884760-A,JWH-424,CB1
,NMPOSNRHZIWLLL-XUWVNRHRSA-N,MYKDCIESTGDYFLLCDAEGPWGIILESLAILGIVVTILLLLAFLFLMRKIQDCSQWNVLPTQLLFLLSVLGLFGLAFAFIIELNQQTAPVRYFLFGVLFALCFSCLLAHASNLVKLVRGCVSFSWTTILCIAIGCSLLQIIIATEYVTLIMTRGMMFVNMTPCQLNVDFVVLLVYVLFLMALTFFVSKATFCGPCENWKQHGRLIFITVLFSIIIWVVWISMLLRGNPQFQRQPQWDDPVVCIALVTNAWVFLLLYIVPELCILYRSCRQECPLQGNACPVTAYQHSFQVENQELSRARDSDGAEEDVALTSYGTPIQPQTVDPTQECFIPQAKLSPQQDAGGV,3.4,,,,nM,US-20170342165-A1,cocaethylene,antibodies
,GVGYEFKIHJTNQZ-RFQIPJPRSA-N,MYKDCIESTGDYFLLCDAEGPWGIILESLAILGIVVTILLLLAFLFLMRKIQDCSQWNVLPTQLLFLLSVLGLFGLAFAFIIELNQQTAPVRYFLFGVLFALCFSCLLAHASNLVKLVRGCVSFSWTTILCIAIGCSLLQIIIATEYVTLIMTRGMMFVNMTPCQLNVDFVVLLVYVLFLMALTFFVSKATFCGPCENWKQHGRLIFITVLFSIIIWVVWISMLLRGNPQFQRQPQWDDPVVCIALVTNAWVFLLLYIVPELCILYRSCRQECPLQGNACPVTAYQHSFQVENQELSRARDSDGAEEDVALTSYGTPIQPQTVDPTQECFIPQAKLSPQQDAGGV,43.0,,,,nM,US-20170342165-A1,benzoylecgonine,antibodies
,QIQNNBXHAYSQRY-UYXSQOIJSA-N,MYKDCIESTGDYFLLCDAEGPWGIILESLAILGIVVTILLLLAFLFLMRKIQDCSQWNVLPTQLLFLLSVLGLFGLAFAFIIELNQQTAPVRYFLFGVLFALCFSCLLAHASNLVKLVRGCVSFSWTTILCIAIGCSLLQIIIATEYVTLIMTRGMMFVNMTPCQLNVDFVVLLVYVLFLMALTFFVSKATFCGPCENWKQHGRLIFITVLFSIIIWVVWISMLLRGNPQFQRQPQWDDPVVCIALVTNAWVFLLLYIVPELCILYRSCRQECPLQGNACPVTAYQHSFQVENQELSRARDSDGAEEDVALTSYGTPIQPQTVDPTQECFIPQAKLSPQQDAGGV,5200.0,,,,nM,US-20170342165-A1,ecgonine methyl ester,antibodies
,FUFYAXRWQXEVGS-UHQDVWGKSA-N,DVLMTQTPLSLPVSLGDQASISCRSSQSIVHTNGNTYLEWYLQKPGQSPKLLIYKVSNRFSGVPDRFSGSGSGTDFTLKISRVEAEDLGVYYCFQGSHVPRTFGGGTKLEIKRADAAPTVSIFPPSSEQLTSGGASVVCFLNNFYPKDINVKWKIDGSERQNGVLNSWTDQDSKDSTYSMSSTLTLTKDEYERHNSYTCEATHKTSTSPIVKSFNRNEC,,,4.0,,nM,US-20170342165-A1,2E2,anti-cocaine monoclonal antibodies
